lambda,nodes_size,seed,RMSE,Trunc_MSE,Trunc_MAE,Accuracy,F1,Time,NoTears,Is_DAG
0,7,40,0.21794955055375986,0.0010827408421890566,0.029997831567749433,0.06122448978342357,0.11538461536242603,1.6764574999979232,0.057997277852798367,0
0,7,41,0.2818889026330163,0.0005756298863191157,0.0216976745507119,0.08163265304456477,0.1509433961979352,1.543205099995248,0.09424425971895042,0
0,7,42,0.19956512494301576,0.0013658582076747818,0.030842471036283386,0.14285714282798834,0.24999999995535713,1.5827508999936981,0.08512318780220172,0
0,7,43,0.24894914519371658,0.0009657570327361062,0.023868470374988102,0.12244897956684714,0.21818181814214876,1.4956131000071764,0.05027064725816896,0
0,7,44,0.49545407693896937,0.002468675101391356,0.046654781281397245,0.040816326522282384,0.07843137253364091,1.5187441000016406,0.05211984689245606,0
0,7,45,0.3055500271908293,0.005107252103819127,0.050782183099124086,0.08163265304456477,0.1509433961979352,1.4824545000010403,0.0798900350389269,0
0,7,46,0.25610939812558947,0.001663755833906822,0.035603836331467506,0.10204081630570595,0.18518518515089163,2.1451079999969807,0.15923301617692667,0
0,7,47,0.21583918670797142,0.004954194560409544,0.06385285368139658,0.08163265304456477,0.1509433961979352,2.21014299998933,0.06246630959652757,0
0,7,48,0.262602613987508,0.005313535175868034,0.06356829696757038,0.06122448978342357,0.11538461536242603,2.9282351000001654,0.15460908116614613,0
0,7,49,1.0715513797230651,0.0024237961763784593,0.04923206451468859,0.020408163261141192,0.039999999992,2.2530812000040896,0.15794104622839156,0
0,10,40,0.24603212631957466,0.003956069510578627,0.051113409112510395,0.10999999998900001,0.1981981981803425,2.5731457000074442,0.13085804985387495,0
0,10,41,0.21136609538062776,0.0012676486700098914,0.031451406918820854,0.09999999999,0.1818181818016529,2.329040900003747,0.12134590816271634,0
0,10,42,0.2250224748090245,0.0009596930115906843,0.02331107624777305,0.12999999998700001,0.23008849555485944,2.392655500007095,0.12572787401458513,0
0,10,43,0.3262818630120918,0.004703845119823383,0.04190587705470487,0.059999999994000006,0.11320754715913137,2.886326200008625,0.09932872916094394,0
0,10,44,0.30408553241158637,0.002513700034140383,0.042619037769538536,0.079999999992,0.14814814813443072,2.3820262999943225,0.11152880702017898,0
0,10,45,0.2220131135876125,0.0031541088897708196,0.0466283592966982,0.10999999998900001,0.1981981981803425,2.399832700000843,0.11344496100086324,0
0,10,46,0.22839501095830747,0.0022365107994922317,0.035900243609077745,0.169999999983,0.29059829057345316,2.078016799991019,0.20760301707213277,0
0,10,47,0.28841531864669234,0.003165447169486982,0.04874051200376397,0.059999999994000006,0.11320754715913137,2.264062300004298,0.0961029533930409,0
0,10,48,0.2875459011322181,0.006102968425166821,0.06110738267646641,0.089999999991,0.16513761466374885,2.4876021000090986,0.18228764814809292,0
0,10,49,0.17638250675509512,0.005423538866263963,0.06101211714830794,0.13999999998600002,0.2456140350661742,2.386466299998574,0.13958092947339734,0
0,15,40,0.29951932317781393,0.004316680857944959,0.04815841292283387,0.10666666666192592,0.19277108432960757,2.9419923999957973,0.2865424455889832,0
0,15,41,0.35931620052244856,0.0025486169503556246,0.04028818315556447,0.07111111110795061,0.1327800829820423,2.6202568000007886,0.2351516158138851,0
0,15,42,0.24140286373208883,0.006039352910314332,0.058366978094393736,0.09333333332918518,0.17073170731013285,3.2238231000083033,0.2853497457291409,0
0,15,43,0.2449682037098861,0.002638712423801746,0.04224483330001713,0.08444444444069135,0.1557377049116501,3.589068299988867,0.33172103179259527,0
0,15,44,0.2867800833443355,0.0030649953553685554,0.03818686661701783,0.10666666666192592,0.19277108432960757,3.8389539000054356,0.2829437524388003,0
0,15,45,0.2676904913131823,0.004510012174290802,0.051840889097376074,0.10666666666192592,0.19277108432960757,2.8731173999985913,0.18740552754510523,0
0,15,46,0.2666804805520968,0.0034072133482221764,0.045128313474920134,0.09777777777343209,0.1781376518146503,3.1281143999949563,0.36554747726134323,0
0,15,47,0.29802576588679836,0.003344215905348637,0.04803145033416026,0.07555555555219753,0.1404958677627894,2.772231800001464,0.20847184432901428,0
0,15,48,0.23840245299528656,0.002841735964847781,0.04127295660522429,0.12444444443891357,0.22134387350903778,2.8805881000007503,0.19190344892918543,0
0,15,49,0.46227209600328606,0.06060665990096685,0.22085660247818092,0.1333333333274074,0.2352941176378316,2.847678799997084,0.3767227884882376,0
0,20,40,0.30657958941027963,0.005991513670042662,0.06153581891362659,0.1074999999973125,0.1941309255035185,3.652337699997588,0.4492011592735381,0
0,20,41,0.2912181572267207,0.0036452692179872737,0.04483637042705491,0.0874999999978125,0.16091954022618576,3.665263499991852,0.47644393598434753,0
0,20,42,0.3095630148299734,0.0037997965623082783,0.05483880081370223,0.074999999998125,0.13953488371768524,3.6856898999976693,0.314938652265785,0
0,20,43,0.27280352764524296,0.002974264283009678,0.041071850673111275,0.0874999999978125,0.16091954022618576,3.5724250999919605,0.2644157032122409,0
0,20,44,0.2816842243861441,0.0064853812042887935,0.06252357546187243,0.1074999999973125,0.1941309255035185,3.418623799996567,0.3799511105160721,0
0,20,45,0.28793121166060676,0.001848128774631194,0.037391538136736555,0.0924999999976875,0.1693363844354843,3.437031499997829,0.5086566756597686,0
0,20,46,0.27067336120802105,0.0021333459848155516,0.03801986398960688,0.084999999997875,0.1566820276461594,3.4987727999978233,0.3366977268389047,0
0,20,47,0.31508841722561576,0.00273707178021338,0.04223534898683627,0.0724999999981875,0.13519813519498372,3.4373231000063242,0.2456648013280897,0
0,20,48,0.5849782442176356,0.08183998538189156,0.2519729389215338,0.1224999999969375,0.21826280623121908,3.5663078999932623,0.10570773175186114,0
0,20,49,0.2616935437579317,0.0025690232243095624,0.04076489419108144,0.0974999999975625,0.1776765375813741,3.5030990000086604,0.3884147433056831,0
5,7,40,0.16750817368834856,0.01068983935060938,0.10251543227586978,0.6530612243565181,0.26086956510396975,2.0620473999879323,0.00916716794813398,0
5,7,41,0.16789539894441774,0.001501128995989648,0.03335004740794011,0.5714285713119533,0.2758620688703924,2.2994880999904126,0.04129552757133022,0
5,7,42,0.14736787907654036,0.0027146368875585144,0.03648834007939832,0.6326530610953769,0.43749999986328125,2.1102140999864787,0.022385383322006798,0
5,7,43,0.18718769238824315,0.0035513938769881834,0.050564086166299906,0.5714285713119533,0.3636363635261708,2.1075310000014724,0.006850413611983896,0
5,7,44,0.2610079948133107,0.008172128466427326,0.08926014452127053,0.6734693876176593,0.1999999999,2.2499196999997366,0.001400741252298642,0
5,7,45,0.2539331223178667,0.015698427604752957,0.11209537097827686,0.530612244789671,0.2580645160457856,2.273121699996409,0.015973280106313666,0
5,7,46,0.1958883133844757,0.0069607689729812,0.07338872657161159,0.4693877550062474,0.2777777777006173,2.118787799990969,0.050748399659364146,0
5,7,47,0.12558365265505306,0.0035007804531102574,0.050163270765300805,0.5102040815285298,0.249999999921875,2.2640978999988874,0.02383903424372126,0
5,7,48,0.21672542746795412,0.0171705006995822,0.12973779712120864,0.3877551019616826,0.16666666662037036,2.2006904000008944,0.09198946060028253,0
5,7,49,0.44931480667198753,0.00854718753576147,0.09245100072882645,0.3877551019616826,0.06249999998046875,2.1322677999996813,0.037545486961359106,0
5,10,40,0.1839149770928988,0.006121430615790543,0.06350505828511145,0.579999999942,0.3437499999462891,2.2959341000096174,0.04591631404153567,0
5,10,41,0.13859343511502484,0.0024387069397192236,0.039909229973758696,0.589999999941,0.3278688524052674,2.4393426999886287,0.023101412925796358,0
5,10,42,0.17295594750935384,0.002972037817513107,0.04728019565407347,0.469999999953,0.32911392400897294,2.967500700004166,0.04813234011409384,0
5,10,43,0.23986586244054386,0.013458811051494712,0.10424874422108062,0.529999999947,0.20338983047400172,2.6921301999973366,0.02017725428619449,0
5,10,44,0.21588077592670932,0.007023596094227822,0.07002187199078434,0.509999999949,0.24615384611597635,2.2598432000086177,0.027167186050641584,0
5,10,45,0.17105587896776067,0.005919061198808298,0.06885800566673692,0.429999999957,0.2784810126229771,2.315460500001791,0.03596008094613727,0
5,10,46,0.20631096647916483,0.0059468847014588775,0.06590774995286296,0.489999999951,0.3999999999529412,2.299906500003999,0.10562227785025696,0
5,10,47,0.17017310028338187,0.004174126531740449,0.05829449050601796,0.529999999947,0.20338983047400172,2.298797800001921,0.019431218399495798,0
5,10,48,0.20104709647850652,0.006979109046629674,0.06637076016544327,0.529999999947,0.2769230768804734,2.359901500007254,0.055697010640997364,0
5,10,49,0.17370965036033167,0.010918871309330823,0.07945129464169767,0.43999999995600003,0.33333333329365084,2.3567713999946136,0.06105260669864849,0
5,15,40,0.22738863403836052,0.006016957051569324,0.05538613149446642,0.4933333333114074,0.2962962962780064,2.8514157999888994,0.09011681687735283,0
5,15,41,0.2350308295126138,0.003512882273987805,0.04300806276845179,0.47555555553441975,0.2133333333191111,3.032262599997921,0.09397601433539914,0
5,15,42,0.18551170166348385,0.006802341944615348,0.06574839830665206,0.4355555555361975,0.24852071004446621,2.751230599998962,0.127951688911014,0
5,15,43,0.15984365127176992,0.0032049195680590365,0.042740297469825536,0.462222222201679,0.23899371067679284,3.4060575000039535,0.11525144779592036,0
5,15,44,0.21666933904253832,0.004991239923971487,0.05194591632804844,0.48444444442291357,0.2926829268114218,2.846485699992627,0.13743098900963802,0
5,15,45,0.19143101874900834,0.005280195086373149,0.056855294917465805,0.5066666666441482,0.3018867924338436,3.1239996000076644,0.05561659623355104,0
5,15,46,0.1992880842013335,0.005973053008434545,0.0625477295935441,0.47999999997866666,0.2732919254488638,3.8760948999988614,0.18861819522372145,0
5,15,47,0.20508389649240857,0.005389262421079929,0.060360285443219266,0.462222222201679,0.2193548386955255,4.747180899998057,0.07696188825562543,0
5,15,48,0.16493201305646596,0.0032823465283891907,0.0429706226177466,0.5822222221963457,0.3733333333084444,2.5571212000068044,0.08282119177795799,0
5,15,49,0.4729680670410331,0.06734862989579984,0.23475203731784486,0.3377777777627654,0.2870813396991827,3.1129875000042375,0.29832871463462507,0
5,20,40,0.21270408961177537,0.005232835594838436,0.05930151322205637,0.44249999998893746,0.2783171520945528,4.621651599998586,0.15798672243385106,0
5,20,41,0.1956892434393973,0.004014397778657572,0.050788984616412555,0.43749999998906247,0.23728813558517667,2.9639618000073824,0.19875365863939007,0
5,20,42,0.21580849363491064,0.00488109993264234,0.061692725809105536,0.43749999998906247,0.2105263157820868,2.7852754999912577,0.12227468393542865,0
5,20,43,0.181606471498749,0.0030963284648038874,0.042678598605605154,0.504999999987375,0.2611940298410002,3.4577297999931034,0.08257028707249851,0
5,20,44,0.2091425293591151,0.006051241293535141,0.06060596549069794,0.32999999999175,0.24293785310048197,4.50517590000527,0.13085047579150832,0
5,20,45,0.19564389654406683,0.002587125946257489,0.041971689586917944,0.454999999988625,0.25342465752556764,3.6782301000057487,0.2300814943538402,0
5,20,46,0.1862098842596179,0.0033517012339530695,0.04713607905306274,0.474999999988125,0.24460431653796386,2.93166729999939,0.11695139346174538,0
5,20,47,0.2108860123452082,0.003925158296056549,0.052763368270309294,0.5274999999868125,0.2348178137556754,2.9164920000039274,0.07651377993875506,0
5,20,48,0.6036538776390308,0.08900478166797478,0.26476251317346133,0.4674999999883125,0.3151125401827938,3.3202316999959294,0.0761985004489388,0
5,20,49,0.17296391058062408,0.0028648183080704323,0.04338589448461941,0.46999999998825,0.26896551723210466,3.3237205000041286,0.144331957594368,0
10,7,40,0.24537016892681052,0.03306309535212219,0.17969735398343,0.85714285696793,0.46153846118343195,1.7220426999992924,0.0013319265009551062,0
10,7,41,0.21222801466342986,0.012263955396630612,0.09728276105203648,0.7551020406622241,0.3999999998,1.8656597999943187,0.009079691848303918,0
10,7,42,0.1933780487010301,0.010255936217839337,0.09013532208181155,0.8367346937067889,0.6363636360743802,1.93859330000123,0.004863586580765447,0
10,7,43,0.21658928179140993,0.01073171459145548,0.09807029191181053,0.8367346937067889,0.5555555552469136,2.0335358000011183,0.00011506180768311466,0
10,7,44,0.45585867028995636,0.035763606604634526,0.1883659139115822,0.9999999997959184,0.9999999975,0.7338067000091542,-0.0,1
10,7,45,0.3199601044520954,0.03560933679566856,0.17626105155138422,0.8163265304456476,0.470588235017301,2.022526000000653,0.0015963241249057777,0
10,7,46,0.258460560107361,0.018362394643662606,0.12901790737559185,0.8775510202290712,0.624999999609375,1.7588026000012178,0.00871094754083209,0
10,7,47,0.08225899192574354,0.0019356941117415944,0.0393585458238208,0.8163265304456476,0.470588235017301,1.756429000000935,0.011605500618416297,0
10,7,48,0.2662574352378729,0.040300524033207295,0.20058250039472011,0.7551020406622241,0.3333333331481481,2.0659634999901755,0.05019057079432381,0
10,7,49,0.6001499097786841,0.04577906536894116,0.21396042944652444,0.8775510202290712,0.24999999968749997,1.934401099992101,0.004497988102888806,0
10,10,40,0.21574912785000686,0.014542428172962148,0.08976076820974496,0.7799999999220001,0.4999999998863636,2.138123099997756,0.010003450829677208,0
10,10,41,0.15367777027444313,0.006573857478581874,0.06907990003025315,0.829999999917,0.5405405403944485,2.156831299987971,0.0002294989623829611,0
10,10,42,0.20178954080913553,0.00925392818514196,0.0899862244366958,0.679999999932,0.44827586199167657,2.0994742999901064,0.018078744619085957,0
10,10,43,0.30390849468983866,0.031954662113471234,0.17183514766016028,0.8499999999150001,0.44444444427983537,1.9474446000094758,0.0030240772102365643,0
10,10,44,0.262777343391698,0.017667466328906915,0.12174897726526893,0.8499999999150001,0.5161290320915712,1.8889918999921065,0.008494164087670432,0
10,10,45,0.1852306019169578,0.010864659897632191,0.08962331783745507,0.729999999927,0.4489795917451062,1.8748402000055648,0.013585310846468171,0
10,10,46,0.21624927139452146,0.009747892325605696,0.08704270613362723,0.729999999927,0.5573770490889546,2.3514923000038834,0.039736164311222164,0
10,10,47,0.17193942009415214,0.008773736711891767,0.08591965772237918,0.8899999999110001,0.5217391302079395,3.4091226999880746,0.000528122619290208,0
10,10,48,0.181355397465312,0.009285087177788646,0.07900033488223691,0.749999999925,0.41860465106544076,2.2941691000014544,0.015925074135030904,0
10,10,49,0.21485873157039362,0.020069305520225015,0.11626611075037689,0.6299999999370001,0.43076923070295864,2.424650200002361,0.02661825373800795,0
10,15,40,0.232731380375138,0.01055661071557362,0.07476278952655296,0.7555555555219753,0.4660194174304836,2.8777522999880603,0.0334676142331719,0
10,15,41,0.21642937354002886,0.007764371459192091,0.07374866201062011,0.7777777777432099,0.3902439023914337,2.695825500006322,0.029779873949694946,0
10,15,42,0.1833112674303187,0.01000779441868852,0.08227658340036995,0.6844444444140246,0.3603603603278955,2.75978860000032,0.06000246057578999,0
10,15,43,0.1316597328177152,0.004207936811738615,0.048315452322214625,0.7333333333007407,0.3877551020012495,2.82085730000108,0.03167352802160634,0
10,15,44,0.22571541239418863,0.010280668936654884,0.08368830661716131,0.7377777777449877,0.44859813079919647,2.9785237000032794,0.05920324997381515,0
10,15,45,0.17493237343356605,0.007411854298189159,0.0696311555600384,0.7333333333007407,0.4444444444032922,2.6895228999928804,0.013233144922789961,0
10,15,46,0.20127465488411925,0.011161993479649121,0.08951233198650158,0.7422222221892345,0.4313725489773164,3.16288240000722,0.0754125231508627,0
10,15,47,0.20282000706785935,0.010884422566396332,0.08213830562563305,0.7555555555219753,0.3820224718671885,3.9665842999966117,0.017296987848609686,0
10,15,48,0.15697437188315277,0.004754919658498098,0.05171999576383425,0.7911111110759506,0.5436893203355642,3.406111999996938,0.03519996951379404,0
10,15,49,0.4957143698775867,0.0762233008536554,0.2512911493096028,0.5911111110848395,0.3947368420792936,3.438090999989072,0.2620388833079866,0
10,20,40,0.19884579827467877,0.007673333293368019,0.07458462894497393,0.7399999999815,0.4468085106145314,4.109207800007425,0.06637526847954295,0
10,20,41,0.17085852318568376,0.005415318315080793,0.06008791551997165,0.744999999981375,0.39999999997647057,3.8939897999953246,0.08056535582301096,0
10,20,42,0.18661338980138703,0.006972121242211957,0.06865510094043867,0.734999999981625,0.36144578311075626,3.46090269999695,0.04375355231005946,0
10,20,43,0.1559149897812828,0.004605281895818114,0.05389601934646211,0.7099999999822499,0.3763440860012718,3.441317799995886,0.038412448095991016,0
10,20,44,0.22463966746957675,0.010994165157503573,0.0825191923892238,0.58999999998525,0.34399999998624,3.4781230999942636,0.03599266839412278,0
10,20,45,0.16622230491331183,0.004192311037588964,0.05334730662823605,0.7274999999818125,0.3977900552266414,4.045261400009622,0.10170274688754163,0
10,20,46,0.16261456173070576,0.00542375316363729,0.05961129395468658,0.6824999999829375,0.3350785340138702,5.899552800008678,0.03948720033928829,0
10,20,47,0.19320544663648093,0.007041563204088845,0.07126484856027311,0.7674999999808125,0.37583892614927256,4.35810450000281,0.026633886718049383,0
10,20,48,0.6075283682820629,0.09111862345258431,0.27010678299152796,0.694999999982625,0.4454545454342975,5.251654800013057,0.06462526829846403,0
10,20,49,0.15290660441708684,0.0044855836358381656,0.05657463119749753,0.7149999999821249,0.40624999997884115,6.684802400006447,0.04937983459050138,0
15,7,40,0.3509770449269053,0.06917784189103847,0.25980891499731157,0.9387755100124948,0.6666666659259258,4.846976100001484,5.4252174770068646e-08,0
15,7,41,0.30927091636690157,0.028470066362129003,0.15042860222945872,0.9387755100124948,0.7272727266115702,2.528997100002016,0.00027732025204960017,0
15,7,42,0.2722283247889716,0.022651906233258915,0.14060497953796386,0.9183673467513536,0.777777777345679,3.733336200006306,7.842776636234309e-05,0
15,7,43,0.2884148641220604,0.022321797214490513,0.14248185464317095,0.959183673273636,0.8333333326388889,1.1366075000114506,-0.0,1
15,7,44,0.7590806272404901,0.0991646049079775,0.30819659399902316,0.9999999997959184,0.9999999975,0.5135945999936666,-0.0,1
15,7,45,0.4150044917809586,0.061765102942111225,0.23475658702885802,0.959183673273636,0.7999999992,2.681934200008982,2.7206520279995728e-06,0
15,7,46,0.3879370486570918,0.0433426477954934,0.20228929797433146,0.959183673273636,0.8333333326388889,2.29410139999527,1.0702014857948112e-05,0
15,7,47,0.12230051619472924,0.007506360838464746,0.06996101968007448,0.85714285696793,0.5333333329777777,2.3065980000101263,0.0035837204290937656,0
15,7,48,0.3397385833915907,0.07235419472058745,0.2684993823669155,0.8979591834902124,0.5454545449586776,2.5510089000017615,0.014411010117502043,0
15,7,49,1.0,0.1296,0.36,0.9795918365347771,0.0,3.031689900002675,-0.0,1
15,10,40,0.2556801916622775,0.022314471792913418,0.11337890517752792,0.909999999909,0.7096774191259105,2.6849117999954615,0.0006735305181372629,0
15,10,41,0.20191216107187507,0.012807759899914195,0.09689861619389391,0.9499999999050001,0.79999999968,0.7531103000073927,-0.0,1
15,10,42,0.25778122893514654,0.018091210282317645,0.1260256195113665,0.8499999999150001,0.6341463413087448,3.098960100003751,0.004887143675371298,0
15,10,43,0.4109137877069137,0.0600189616983815,0.23875173880497313,0.979999999902,0.8571428565306122,1.0121529000025475,-0.0,1
15,10,44,0.3573096769061905,0.03476557828343619,0.17672121891592185,0.9499999999050001,0.7619047615419501,3.092822699996759,0.0010660745943182886,0
15,10,45,0.2327988935907541,0.019213100967473997,0.11859596817216277,0.909999999909,0.7096774191259105,2.482926700002281,0.0061496543054043035,0
15,10,46,0.28816980970305683,0.01956814565126183,0.1280638631735384,0.8799999999120001,0.7391304346219282,3.090125699993223,0.011934941381370955,0
15,10,47,0.20448787252971076,0.013756454886850103,0.10572383819913628,0.969999999903,0.7999999994666667,0.7453553999948781,-0.0,1
15,10,48,0.1932707208549287,0.01200069250930235,0.09020769969215871,0.8899999999110001,0.6206896549583829,2.4676235999941127,0.006550736957369893,0
15,10,49,0.27988736860536684,0.03490624166516335,0.161148220378084,0.789999999921,0.5714285713119533,2.6098561999970116,0.01837789029626892,0
15,15,40,0.2794120770600432,0.017810201906870302,0.10783039332731847,0.8311111110741728,0.5581395348188211,2.8470151999936206,0.022318321775695198,0
15,15,41,0.2643653539840538,0.015192068361023305,0.10580995625187906,0.8844444444051358,0.5517241378359097,2.963401700006216,0.0036016328722763328,0
15,15,42,0.1810574195312919,0.011438706306727045,0.08860360738505318,0.7955555555201975,0.4651162790156842,2.898489500003052,0.03206136236529915,0
15,15,43,0.13956358925190337,0.006238926443549466,0.05565024809682386,0.875555555516642,0.5757575756703398,2.9546874999941792,0.008099344100472836,0
15,15,44,0.26135404344372243,0.016520937915905615,0.1109315690441885,0.8577777777396542,0.5897435896679817,2.959237300005043,0.02955359374950115,0
15,15,45,0.20366667769827707,0.011610170745826001,0.0867221524763981,0.871111111072395,0.6233766232956655,2.8148060999956215,0.0032264644294885455,0
15,15,46,0.24204061085622722,0.01928647759179819,0.11706759237089771,0.8622222221839012,0.5866666665884445,2.9012790999986464,0.01826422609749938,0
15,15,47,0.2460799134199128,0.018142895796393287,0.1110536994311452,0.9022222221821234,0.6071428570344388,2.9413813999999547,0.0006623578867735837,0
15,15,48,0.1868917875509044,0.007896380105343565,0.06977021021966667,0.8799999999608888,0.674698795099434,2.9329874999966705,0.02213464641293978,0
15,15,49,0.3003945106455728,0.029141114578576086,0.14224595237109522,0.7333333333007407,0.4999999999583334,3.033290899998974,0.01220656996653767,0
15,20,40,0.24743746422265256,0.014092922682103328,0.10404900054462089,0.8624999999784375,0.5985401459417123,3.267497699998785,0.02285346672171686,0
15,20,41,0.19957869125248986,0.00969145733083542,0.07933308510970478,0.8624999999784375,0.5528455284103377,3.54365659999894,0.038347042083546785,0
15,20,42,0.19939653396513732,0.01044756482768421,0.08129810307063459,0.8574999999785625,0.5128205127766821,3.5625459000002593,0.01849732283978734,0
15,20,43,0.16395024833554953,0.006794005434134122,0.06631973472123989,0.8599999999785,0.5555555555114638,3.6297145999997156,0.020155923735773216,0
15,20,44,0.22003698343884837,0.011517502133531298,0.08586941480081743,0.8574999999785625,0.5957446808088124,3.5650558000052115,0.011043216908632109,0
15,20,45,0.1789370391295987,0.007018245791349068,0.07039427095050095,0.84999999997875,0.5384615384201183,3.5788353999960236,0.048407967193752476,0
15,20,46,0.17842687169647947,0.008441798008223861,0.07456609835041118,0.8374999999790624,0.4961240309692927,3.713193699994008,0.014154284057979673,0
15,20,47,0.22867525645385758,0.012734234638371766,0.09844575802164865,0.894999999977625,0.5624999999414063,3.5090766999928746,0.007947738342980785,0
15,20,48,0.6238275150447549,0.09658904915201316,0.27999205366870994,0.814999999979625,0.5697674418273391,3.5137889000034193,0.0599246228778474,0
15,20,49,0.1726445543698612,0.007515573318334432,0.07423890418306014,0.834999999979125,0.5416666666290509,3.551526399998693,0.025841152267407526,0
20,7,40,0.4528333487866678,0.11522198353497086,0.33657964363510445,0.9999999997959184,0.9999999983333333,0.6428642999962904,-0.0,1
20,7,41,0.4254995230232978,0.05401622098516263,0.21090865925256824,0.9999999997959184,0.9999999987499999,0.6635680000035791,-0.0,1
20,7,42,0.3836954611004286,0.04554834548502461,0.20199913185954863,0.959183673273636,0.874999999453125,0.8452159000007669,2.3519326972658656e-12,0
20,7,43,0.3668145366539014,0.03729200666207342,0.1834986771299195,0.959183673273636,0.8333333326388889,0.6891364000039175,-0.0,1
20,7,44,1.0,0.1721,0.4,0.959183673273636,0.0,2.7526347000093665,-0.0,1
20,7,45,0.5409591337367174,0.10494686679583157,0.3048428636696289,0.9999999997959184,0.9999999987499999,0.6202324000041699,-0.0,1
20,7,46,0.5242388391517594,0.07959008193571844,0.27555693324182917,0.9795918365347771,0.9090909082644627,0.5869030000030762,-0.0,1
20,7,47,0.10727213293635693,0.0060786945505192334,0.05722953400494178,0.8979591834902124,0.6153846149112425,2.2575291999964975,0.0012039802794060037,0
20,7,48,0.41087158259579476,0.10694807635487402,0.3257033432293713,0.959183673273636,0.7499999990624999,2.1230875000037486,0.0012905016598967534,0
20,7,49,1.0,0.1296,0.36,0.9795918365347771,0.0,2.743198099997244,-0.0,1
20,10,40,0.29256335960417673,0.029626198124400312,0.13863396014404195,0.939999999906,0.7857142854336735,2.2852947999926982,3.0084426771201768e-05,0
20,10,41,0.26950771376189636,0.023241480224750224,0.1404380416899972,0.979999999902,0.9090909086776859,0.5803825000039069,-0.0,1
20,10,42,0.3356018871641711,0.031828262160689416,0.16679832121095445,0.909999999909,0.742857142644898,2.4712047999928473,0.0010726118587628705,0
20,10,43,0.48986284372699695,0.08561197344783801,0.28676717472780494,0.9899999999010001,0.9230769223668639,0.7624654000101145,-0.0,1
20,10,44,0.46842888751516376,0.06001282542129786,0.2342593587719211,0.979999999902,0.874999999453125,2.436742999998387,3.611061624839326e-07,0
20,10,45,0.28404484061138446,0.02936865361616929,0.1500932509382404,0.9499999999050001,0.8148148145130315,3.87491540001065,0.0027811007421443285,0
20,10,46,0.3620790791255034,0.03134878039849951,0.16478597973226017,0.909999999909,0.7804878046876859,7.057316300008097,0.006887825916561074,0
20,10,47,0.27907160485293003,0.026372487463593275,0.14814554818201472,0.979999999902,0.8571428565306122,1.325535399999353,-0.0,1
20,10,48,0.23063465096945054,0.0177143926072851,0.10530535734351701,0.9499999999050001,0.7826086953119092,2.4528767000010703,0.004719045540057146,0
20,10,49,0.3276947320228956,0.04810871424311492,0.19031389055695355,0.839999999916,0.6363636362190083,2.2726966999907745,0.011802868932174231,0
20,15,40,0.32190771997212303,0.02464546922418236,0.13304886962856405,0.9111111110706173,0.6969696968640956,2.7690651999873808,0.007258016225525429,0
20,15,41,0.3393265079327218,0.026426662814172153,0.14629929213638354,0.9555555555130864,0.7499999998125,3.034949399996549,6.331898984364237e-05,0
20,15,42,0.21316442818170647,0.017021368626871997,0.108576158987852,0.8666666666281481,0.5588235293295848,3.323511700000381,0.02260354457884016,0
20,15,43,0.20515271091326115,0.014548573578882144,0.09449883890901718,0.9422222221803457,0.7450980390695886,3.119532500000787,0.001830579380184278,0
20,15,44,0.29773983979806384,0.022514640353772274,0.13042850160755978,0.8888888888493827,0.6478873238524103,2.8509515000041574,0.011214299153865986,0
20,15,45,0.2694521342846173,0.02068411765861395,0.117894740254487,0.9511111110688395,0.8070175437180671,2.647892500011949,0.002785434723532908,0
20,15,46,0.3039963894830053,0.03162941532230435,0.1533725515608053,0.9288888888476049,0.733333333211111,2.9971264000050724,0.004618431154720761,0
20,15,47,0.30733082142970575,0.029012822275020108,0.1465270985598245,0.9688888888458271,0.8292682924806662,3.2974799999938114,3.340191707812524e-07,0
20,15,48,0.24829267919734344,0.01473815902061142,0.10357725086295329,0.9199999999591111,0.7428571427510204,4.310734200000297,0.028063592833470943,0
20,15,49,0.2640868758860505,0.022947211169341286,0.11863849298783334,0.8311111110741728,0.5957446807876868,7.542618399995263,0.003606385807977746,0
20,20,40,0.32164281692618407,0.024700110574624207,0.14038493150069503,0.919999999977,0.7090909090264463,6.560032199995476,0.0052845845247206,0
20,20,41,0.24637339451988266,0.01577566257451054,0.10314392813077607,0.924999999976875,0.6874999999283855,4.010133000003407,0.019856946113548758,0
20,20,42,0.24296065519363882,0.016861324393079646,0.10576554505381569,0.9224999999769374,0.6593406592682044,4.728918799999519,0.013931779699472931,0
20,20,43,0.1993007445007551,0.011017149392090177,0.0850804106519295,0.9174999999770624,0.6732673266660132,5.090345199991134,0.015275534116714439,0
20,20,44,0.2629576580015744,0.01691144292520925,0.10519921422576206,0.9399999999765,0.7735849055873977,5.336100200001965,0.0059254050022628044,0
20,20,45,0.20763980856366457,0.010830197974336219,0.08878881637182014,0.904999999977375,0.6415094339017444,6.068552199998521,0.02369785557605516,0
20,20,46,0.21385014303410788,0.012912234469850417,0.09424753551759263,0.92999999997675,0.6956521738374292,9.204889999993611,0.0075602162859096005,0
20,20,47,0.28584602405935366,0.021139033442356212,0.13208480603077136,0.9424999999764375,0.693333333240889,3.6708144000003813,0.0015371007071371145,0
20,20,48,0.6393968168351959,0.10179817006554971,0.2892934295109456,0.8724999999781875,0.65306122444537,4.005239799997071,0.0575622782449761,0
20,20,49,0.2097475159765739,0.011829042850346834,0.09488374506410197,0.894999999977625,0.6499999999458334,3.915724599995883,0.01822069184385359,0
25,7,40,0.5696459636006145,0.18233439081174893,0.4202951651706906,0.9999999997959184,0.9999999983333333,0.49422819999745116,-0.0,1
25,7,41,0.5295878104921237,0.0836762103456664,0.26583512561231615,0.9999999997959184,0.9999999987499999,0.6328224000026239,-0.0,1
25,7,42,0.48852211408198043,0.07403858847101877,0.25747741732569607,0.9795918365347771,0.9333333327111111,0.93524599999364,-0.0,1
25,7,43,0.45915867798210663,0.058717760890265536,0.22698878323090343,0.959183673273636,0.8333333326388889,0.8391219000041019,-0.0,1
25,7,44,1.0,0.1721,0.4,0.959183673273636,0.0,2.7738068000035128,-0.0,1
25,7,45,0.666826103774962,0.15946513551582164,0.3732742042910732,0.9999999997959184,0.9999999987499999,0.5421016000036616,-0.0,1
25,7,46,0.6823222441396032,0.13486447663948298,0.35775218404732473,0.9999999997959184,0.9999999989999999,0.5526632999972207,-0.0,1
25,7,47,0.2191877537498116,0.026558360084587923,0.11698985244095707,0.9183673467513536,0.666666666111111,2.272081299990532,5.8550548454832047e-05,0
25,7,48,0.4830974086966353,0.14794140610882967,0.38209855272832133,0.9999999997959184,0.9999999983333333,0.6529831000079866,-0.0,1
25,7,49,1.0,0.1296,0.36,0.9795918365347771,0.0,2.921408900001552,-0.0,1
25,10,40,0.37109288457124795,0.047726332541047634,0.18623555325730293,0.979999999902,0.9166666662847222,0.6540081000130158,3.397248038439221e-15,0
25,10,41,0.3317262367602155,0.03520355004886097,0.169574088259217,0.9899999999010001,0.9523809519274377,0.7604565000074217,-0.0,1
25,10,42,0.41432764265414584,0.04891651648669126,0.20590171103416122,0.939999999906,0.7999999997333334,2.423706300003687,5.7497746733489396e-05,0
25,10,43,0.6090857195862993,0.13237987808946353,0.35690742570114997,0.9999999999000001,0.9999999991666666,0.6908353000035277,-0.0,1
25,10,44,0.5772218423130316,0.09112603588458962,0.28541683696830367,0.979999999902,0.8571428565306122,0.5119403999997303,-0.0,1
25,10,45,0.32097084614234184,0.037698695895643085,0.17190144504488258,0.969999999903,0.8695652170132325,2.3349841000017477,0.0013088706360516443,0
25,10,46,0.4310053096401381,0.04457475695267525,0.19998997038614927,0.9599999999040001,0.8888888886419752,2.415861000001314,0.002476454074698293,0
25,10,47,0.3183173185697633,0.034337205099982816,0.17186531651497813,0.979999999902,0.8333333326388889,0.7614578000066103,-0.0,1
25,10,48,0.25653617220830655,0.022163582380956764,0.11928681720563494,0.9599999999040001,0.8181818178099173,2.4996127000049455,0.002531681838745246,0
25,10,49,0.3554619862824214,0.056739531885393026,0.20741597387779107,0.869999999913,0.6829268291017252,2.422774299993762,0.005738443624248165,0
25,15,40,0.3673720379152433,0.03254713974071476,0.15915023374602077,0.9333333332918519,0.7368421051338874,2.9045169000019087,0.001578405075277603,0
25,15,41,0.42298947948239,0.04196782645407839,0.18886975162125424,0.9866666666228148,0.909090908815427,0.9968631000083406,-0.0,1
25,15,42,0.25283051640404874,0.024522294711571715,0.12984930506216458,0.9111111110706173,0.6551724136801427,3.579157899992424,0.01845357500285085,0
25,15,43,0.22612556131729983,0.017833294531181782,0.10444798455469399,0.977777777734321,0.8837209300270417,3.742128700003377,0.001064763987687892,0
25,15,44,0.3707107746286054,0.03535655817458562,0.1661675210945872,0.9333333332918519,0.754098360532115,3.2594872000045143,0.00754278474887525,0
25,15,45,0.3111504468844605,0.027632714699953657,0.14040901692074684,0.977777777734321,0.9019607841368704,3.1935423000104493,0.002180619404804967,0
25,15,46,0.3413343351403596,0.04015069066244078,0.17547180789550063,0.9422222221803457,0.7450980390695886,3.2029654000070877,0.0011296724782510845,0
25,15,47,0.3721543973045541,0.042804322744559066,0.18588181309664714,0.977777777734321,0.8571428568979592,1.0130235999968136,-0.0,1
25,15,48,0.2951347035138724,0.021189615853612558,0.13012688120853189,0.924444444403358,0.7536231882965764,2.9408363999973517,0.028462214327807035,0
25,15,49,0.3024862024832438,0.030289085547774687,0.1361233917897056,0.9111111110706173,0.7368421051662051,2.793689300000551,0.00221272474904243,0
25,20,40,0.3893648822170539,0.03638697633445187,0.17515245324793902,0.94999999997625,0.7872340424694433,3.446757300000172,0.001192576204718391,0
25,20,41,0.28074527945087496,0.02084776779425096,0.11964278057542194,0.9574999999760625,0.7951807227957615,3.2978620000067167,0.013027038805469666,0
25,20,42,0.30173042744869527,0.026794786714175588,0.1348025753780062,0.954999999976125,0.7692307691321499,3.544615100006922,0.010896249724542652,0
25,20,43,0.23677124679289052,0.01599386674964922,0.104081978549209,0.954999999976125,0.7857142856207484,3.6864670000068145,0.011741458144126065,0
25,20,44,0.32619086155943844,0.026183198254684306,0.13339405559256867,0.9574999999760625,0.8172043009873975,3.5877418000018224,0.0026450387559372457,0
25,20,45,0.27867224624284415,0.020389667096038358,0.12256040315766953,0.9399999999765,0.7391304347022685,3.6294646999886027,0.024891914769113378,0
25,20,46,0.2603257710012886,0.01949804967628014,0.12058876750319121,0.954999999976125,0.7692307691321499,3.497671699995408,0.003611719915045746,0
25,20,47,0.34340485028954537,0.030961949671291743,0.16236123229673674,0.974999999975625,0.8387096772840791,3.292061400003149,0.00021729500141083523,0
25,20,48,0.6577848178797712,0.10795239818206626,0.2994614397673187,0.90999999997725,0.7272727272176308,3.6234502000006614,0.05427840119310358,0
25,20,49,0.26105272332233587,0.018576262072119622,0.12099132755870674,0.9374999999765625,0.7524752474502501,3.8440393999917433,0.020304056847136556,0
30,7,40,0.686286941396344,0.2646488505690591,0.5051218429352045,0.9999999997959184,0.9999999983333333,0.5190892999962671,-0.0,1
30,7,41,0.6731591006489376,0.1351952661975482,0.3392388298129352,0.9999999997959184,0.9999999987499999,0.5176963999983855,-0.0,1
30,7,42,0.560946889099389,0.09776772341182491,0.2985707495676871,0.9795918365347771,0.9333333327111111,0.7107378000073368,-0.0,1
30,7,43,0.5705810909509551,0.09067466065254869,0.2752325061659689,0.959183673273636,0.7999999992,0.7169829000049504,-0.0,1
30,7,44,1.0,0.1721,0.4,0.959183673273636,0.0,2.8736597999959486,-0.0,1
30,7,45,0.7905348463258375,0.2241210237249734,0.4368320878049429,0.9999999997959184,0.9999999987499999,0.47157800001150463,-0.0,1
30,7,46,0.8375769442045117,0.20322069862027248,0.4366772206291589,0.9999999997959184,0.9999999989999999,0.43242620000091847,-0.0,1
30,7,47,0.22148871499291828,0.027164999709732143,0.13914474502010127,0.9795918365347771,0.8888888879012344,0.5292398000019602,-0.0,1
30,7,48,0.5663201261462132,0.20330324860070817,0.446213899367713,0.9999999997959184,0.9999999983333333,0.7889844000019366,-0.0,1
30,7,49,1.0,0.1296,0.36,0.9795918365347771,0.0,2.9380621000018436,-0.0,1
30,10,40,0.402056739362568,0.05602329493793102,0.20458664422230521,0.9999999999000001,0.9999999995454545,0.6250110999972094,-0.0,1
30,10,41,0.40881452218504977,0.05347958198024537,0.21571255287288552,0.9899999999010001,0.9523809519274377,0.6612258999957703,-0.0,1
30,10,42,0.4841124486944029,0.06690160275692891,0.23986617177710945,0.9599999999040001,0.8571428568367346,0.8985370000009425,-0.0,1
30,10,43,0.7236810854067742,0.1868786059470117,0.422347207019615,0.9899999999010001,0.9090909082644627,0.632943399992655,-0.0,1
30,10,44,0.688902307527968,0.1297992681925597,0.3352197746403953,0.969999999903,0.7692307686390532,0.5207574999949429,-0.0,1
30,10,45,0.37724032290372034,0.052163990993310747,0.20418089417179408,0.9599999999040001,0.8181818178099173,2.5712973999907263,0.0003447238578692205,0
30,10,46,0.5162047272623121,0.06400754246927785,0.24275046375589535,0.9599999999040001,0.8888888886419752,2.4778399000060745,0.00018990342873440218,0
30,10,47,0.3757369541403352,0.047850017817642726,0.2085989270214689,0.9899999999010001,0.9090909082644627,0.7922369000007166,-0.0,1
30,10,48,0.30135337521547345,0.030728449762497625,0.14918177833403629,0.9599999999040001,0.7999999996,2.405960899995989,0.000289221210142418,0
30,10,49,0.36678451059938577,0.06049301611431635,0.2108528342689538,0.9499999999050001,0.8387096771488033,2.4606254000100307,0.0009377794606507626,0
30,15,40,0.414563547590004,0.04186151912296382,0.1855234566182664,0.9688888888458271,0.85714285696793,3.1052925000112737,0.00018152746441374413,0
30,15,41,0.5066102868448601,0.060849009264113435,0.2300449591634654,0.9866666666228148,0.909090908815427,0.9209517999988748,-0.0,1
30,15,42,0.2823431022497069,0.031000910419668386,0.144886322137712,0.9333333332918519,0.7169811319401922,3.01167279999936,0.01129774586727898,0
30,15,43,0.26841845901937633,0.02521748112548965,0.1326345565088407,0.977777777734321,0.8837209300270417,2.971828400011873,8.510363864185294e-05,0
30,15,44,0.43032961152818133,0.04788637556521449,0.19642866787347257,0.9511111110688395,0.7924528300391598,2.90476230000786,0.00441121628705213,0
30,15,45,0.3625429055050173,0.037527915043241315,0.1688008853838865,0.9866666666228148,0.9387755100124948,3.1370756999967853,0.0027051325315601274,0
30,15,46,0.39652020169758256,0.05426743577542656,0.20810483715937667,0.9511111110688395,0.765957446645541,2.8379547000076855,0.00012943959117681954,0
30,15,47,0.44235375291052337,0.060568980428489266,0.22582097653903246,0.9822222221785679,0.882352940916955,0.9057749999919906,-0.0,1
30,15,48,0.3530820163344666,0.03054624318091078,0.16034497348193705,0.9555555555130864,0.8333333331944445,3.005145699993591,0.025285120554447208,0
30,15,49,0.33953397657015605,0.038212429313481996,0.154105505923722,0.9555555555130864,0.8437499998681641,2.9110794000007445,0.0012994334022746116,0
30,20,40,0.42184069803767577,0.0428166565534084,0.1894991886201055,0.9574999999760625,0.7999999999058824,3.6343412999995053,0.0008094601928013764,0
30,20,41,0.3361699156503305,0.03005122430342132,0.14702074072906451,0.9724999999756875,0.8533333332195556,3.6101529999868944,0.009397343114793028,0
30,20,42,0.33727855461505774,0.03379907921761952,0.1510629234536212,0.9724999999756875,0.8405797100231045,3.547723899988341,0.006485166634154659,0
30,20,43,0.2654423833161522,0.020270178918242978,0.11761293505991452,0.9599999999759999,0.7948717947698883,3.7680537999985972,0.00995143327098839,0
30,20,44,0.38178991469284546,0.035948211732871306,0.15895044361273977,0.9649999999758749,0.8372093022282315,3.852426600002218,0.0005153184102172464,0
30,20,45,0.32962046345428403,0.02877342154191865,0.1439618328605271,0.9599999999759999,0.804878048682332,3.736813700001221,0.014108727744814325,0
30,20,46,0.2956702746636626,0.025233963902657402,0.13853235090174817,0.9624999999759375,0.7999999998933334,3.6140073999995366,0.0013669060489289139,0
30,20,47,0.4077170657417904,0.043860272239252034,0.19506548557406317,0.9774999999755625,0.8474576269750071,1.1220520000060787,-0.0,1
30,20,48,0.6811970367370724,0.11590692530609784,0.31086302091303536,0.9124999999771874,0.7107438015941534,3.6300029999983963,0.0510412976972566,0
30,20,49,0.29912389956752905,0.024489716454226148,0.1411648970490673,0.9624999999759375,0.8275862068014269,3.798397100006696,0.01901104625325747,0
35,7,40,0.804790341737425,0.36393519191842816,0.5907594233092693,0.9999999997959184,0.9999999983333333,0.3769577000057325,-0.0,1
35,7,41,0.8313664549195813,0.2062106239087625,0.4187039365226782,0.9999999997959184,0.9999999987499999,0.3835513000085484,-0.0,1
35,7,42,0.6427238352797761,0.12840073096397883,0.3417217158560491,0.9795918365347771,0.9333333327111111,0.6276802999927895,-0.0,1
35,7,43,0.6739345958998404,0.12649888311219057,0.31818307461133327,0.959183673273636,0.7999999992,0.529668799994397,-0.0,1
35,7,44,1.0,0.1721,0.4,0.959183673273636,0.0,2.7350469999946654,-0.0,1
35,7,45,0.9456452205889182,0.32069857124572787,0.5086019655574089,0.9795918365347771,0.8571428559183674,0.2144177000009222,-0.0,1
35,7,46,1.0,0.28968000000000005,0.5160000000000001,0.8979591834902124,0.0,2.923897400003625,-0.0,1
35,7,47,0.28108990509575643,0.04375263736600803,0.16132237800558527,0.9999999997959184,0.9999999987499999,0.6195513999991817,-0.0,1
35,7,48,0.6418804375914772,0.2611731975934494,0.5038644565500641,0.9999999997959184,0.9999999983333333,0.6666917999973521,-0.0,1
35,7,49,1.0,0.1296,0.36,0.9795918365347771,0.0,2.8036131000117166,-0.0,1
35,10,40,0.4935372616104471,0.08441776491107421,0.26798077839758183,0.9899999999010001,0.9523809519274377,0.4698279000003822,-0.0,1
35,10,41,0.4703791542773492,0.07080201006375716,0.24740523324740432,0.9899999999010001,0.9523809519274377,0.9001144999929238,-0.0,1
35,10,42,0.5713919558302198,0.09321748208748358,0.2804739905272967,0.979999999902,0.9166666662847222,0.7698863000114216,-0.0,1
35,10,43,0.8071307247577051,0.23246249873386615,0.46826649752003924,0.9899999999010001,0.9090909082644627,0.4726927000010619,-0.0,1
35,10,44,0.8178757633144971,0.18294967497719122,0.38876604070396814,0.969999999903,0.7692307686390532,0.4560207000031369,-0.0,1
35,10,45,0.4015470355482569,0.059129119341405696,0.21870210289560782,0.9599999999040001,0.7999999996,2.6011687999998685,6.828416408933245e-05,0
35,10,46,0.600193433340587,0.08653546621908141,0.2826846201009201,0.9599999999040001,0.882352940916955,2.622878499998478,1.4272088498585108e-08,0
35,10,47,0.446770720174127,0.06765247496283687,0.24722426775009385,0.9899999999010001,0.9090909082644627,0.8862312999990536,-0.0,1
35,10,48,0.33707285648778923,0.03844873030422883,0.17134001664353254,0.979999999902,0.8888888883950616,2.447913200012408,0.00028128628449078635,0
35,10,49,0.38198207694408304,0.06562616787915311,0.21778309498274587,0.9499999999050001,0.8275862066111771,2.408591699990211,0.00011684696658683253,0
35,15,40,0.5028890556024291,0.06161946680743823,0.22882987923469802,0.9688888888458271,0.85714285696793,3.3493092999997316,1.2776623669671304e-05,0
35,15,41,0.5846901507320658,0.08145619260421097,0.26728514360783384,0.9911111110670617,0.9374999997070312,0.8590926000033505,-0.0,1
35,15,42,0.34094129491284414,0.04527253448588503,0.17547681832468937,0.9422222221803457,0.7450980390695886,3.020509000009042,0.007919028022055914,0
35,15,43,0.34367994310851546,0.04135302342027911,0.17524095405436838,0.9866666666228148,0.926829268066627,3.0089100999903167,2.4596909892058105e-06,0
35,15,44,0.48314028696386824,0.06057175622839156,0.22305463723804198,0.9466666666245925,0.759999999848,3.375586900001508,0.0017193928806691597,0
35,15,45,0.42723126256597815,0.05213723012913344,0.20627190896716743,0.9911111110670617,0.9583333331336805,3.505315599992173,0.0006009092211002158,0
35,15,46,0.45218993153333903,0.07060403633692851,0.23985574557906908,0.973333333290074,0.8571428569387755,0.7458610999892699,3.0762921362888374e-10,0
35,15,47,0.5038603041093487,0.07864954429024325,0.2589836157722336,0.9866666666228148,0.909090908815427,1.3940591999999015,-0.0,1
35,15,48,0.41776464555440596,0.04270619410510224,0.1919846449479166,0.9599999999573333,0.842105263010157,3.2145064000069397,0.05236871365351869,0
35,15,49,0.3972237525672602,0.05231622189885345,0.1891849490758037,0.9644444444015802,0.8709677417950052,3.018995000005816,0.0010536091459393206,0
35,20,40,0.4827346468757687,0.05594364734654487,0.22175859517527108,0.9674999999758125,0.8395061727358635,3.6609585999976844,0.0007558123725118611,0
35,20,41,0.3557674644249707,0.03374743220067006,0.15577738120492188,0.9724999999756875,0.8450704224161874,3.3044622000015806,0.0054884427297215614,0
35,20,42,0.39011780045856476,0.045295525071049524,0.18041792432123244,0.9724999999756875,0.82539682526581,3.151410799997393,0.009072082813088436,0
35,20,43,0.296106812068051,0.025301901765788976,0.13253325179016473,0.9674999999758125,0.8266666665564445,3.8220999000041047,0.008180066897106581,0
35,20,44,0.4148278592507066,0.04247842422308754,0.17316932713009686,0.9699999999757499,0.8536585364812612,4.376310999999987,0.00015259856231615741,0
35,20,45,0.3903606550997495,0.04044343194253242,0.17891050522703458,0.9699999999757499,0.8461538460453649,4.706610799999908,0.014260158316249879,0
35,20,46,0.33761639316009023,0.0329570766148213,0.1609171159194952,0.974999999975625,0.8484848483562902,3.8555415000009816,0.000531011726287036,0
35,20,47,0.4731996030842037,0.059152243910656,0.2279188152955667,0.9824999999754375,0.8771929823022468,1.0673255000001518,-0.0,1
35,20,48,0.6863235772177865,0.11783001051228267,0.3148258878084841,0.9324999999766875,0.7610619468353043,3.530809899995802,0.04699762605852657,0
35,20,49,0.33384858435234327,0.030598917353803,0.15934811857782158,0.9824999999754375,0.9113924049479251,3.5891971999953967,0.013500109568998525,0
40,7,40,0.9379813478086909,0.49436412370593824,0.6854193438328027,0.9999999997959184,0.9999999983333333,0.2526672999956645,-0.0,1
40,7,41,1.0,0.29834999999999995,0.49999999999999994,0.9183673467513536,0.0,2.8092595000052825,-0.0,1
40,7,42,0.7183702201796822,0.1604047592092441,0.3799741355849032,0.9795918365347771,0.9230769223668639,0.608255500002997,-0.0,1
40,7,43,0.7476333267499449,0.1556784480944335,0.34735433501110907,0.9387755100124948,0.6666666659259258,0.6400857999979053,-0.0,1
40,7,44,1.0,0.1721,0.4,0.959183673273636,0.0,3.5288149999978486,-0.0,1
40,7,45,1.0,0.358625,0.5325,0.9183673467513536,0.0,2.9840036000096006,-0.0,1
40,7,46,1.0,0.28968000000000005,0.5160000000000001,0.8979591834902124,0.0,2.845701199999894,-0.0,1
40,7,47,0.3301028728198805,0.06034097830408077,0.21731061657659817,0.9999999997959184,0.9999999987499999,0.5446770999988075,-0.0,1
40,7,48,0.740949279484275,0.34801445763967326,0.5771157942094763,0.9999999997959184,0.9999999983333333,0.5151886999956332,-0.0,1
40,7,49,1.0,0.1296,0.36,0.9795918365347771,0.0,3.0037532999995165,-0.0,1
40,10,40,0.5243403275497772,0.09528410900390229,0.2842633769130159,0.979999999902,0.89999999955,0.5198261000041384,-0.0,1
40,10,41,0.5743312860962103,0.10555393703610916,0.3054751754340176,0.9999999999000001,0.9999999995,0.8458844999986468,-0.0,1
40,10,42,0.6241171525535252,0.11121448645451111,0.3075459404031208,0.979999999902,0.9166666662847222,0.9160161000036169,-0.0,1
40,10,43,0.8828221021081475,0.2781067547117815,0.5091187489160408,0.9899999999010001,0.9090909082644627,0.40124599999398924,-0.0,1
40,10,44,0.9426284188042281,0.24301776526773095,0.438545746135769,0.969999999903,0.7692307686390532,0.32118859999172855,-0.0,1
40,10,45,0.4299744799224723,0.06780477706488167,0.23625336423120824,0.9599999999040001,0.7999999996,2.395341700001154,6.127833498154726e-07,0
40,10,46,0.7019149303361008,0.11835438806979645,0.3310614754485068,0.969999999903,0.9032258061602497,0.6644927000015741,-0.0,1
40,10,47,0.5181905929578211,0.09101088389085397,0.28813148695533614,0.9899999999010001,0.9090909082644627,0.8008026000024984,-0.0,1
40,10,48,0.35506834259852105,0.0426688380724449,0.18217189021810187,0.9899999999010001,0.941176470034602,0.7033973999932641,-0.0,1
40,10,49,0.4412018484884034,0.08755763076169802,0.2537131154572686,0.969999999903,0.8888888885596707,0.5092762999993283,1.818299315877734e-09,0
40,15,40,0.547221117860635,0.07311708651646032,0.24962090465191947,0.9599999999573333,0.7999999998222223,0.7739615000027698,-0.0,1
40,15,41,0.6822228422266428,0.11152979824753548,0.31283214602186615,0.9822222221785679,0.8666666663777778,0.6147030000138329,-0.0,1
40,15,42,0.35957661506468774,0.05057369041817334,0.18595691164307002,0.9466666666245925,0.74999999984375,2.9595243999938248,0.004463310573638716,0
40,15,43,0.35659119175394094,0.04452039474096565,0.1820649330879055,0.9955555555113086,0.9729729727100073,0.9385580000089249,-0.0,1
40,15,44,0.524367243271426,0.0715372957244469,0.24531230640573934,0.9599999999573333,0.8085106381258488,2.9961905000091065,5.855702570207611e-05,0
40,15,45,0.48682765395393357,0.06767025366829464,0.23682621193483913,0.9866666666228148,0.9361702125667722,2.822500199996284,0.005175229549182006,0
40,15,46,0.5019866737139222,0.08701110305949565,0.26552796209804075,0.977777777734321,0.8780487802736466,0.7875155999936396,-0.0,1
40,15,47,0.5915033648393646,0.10834351698799495,0.30632254610528087,0.9866666666228148,0.909090908815427,0.6846048000006704,-0.0,1
40,15,48,0.46124525877190803,0.05213857851187206,0.21306348392005922,0.9688888888458271,0.8727272725685951,2.946040800001356,0.05281071163151761,0
40,15,49,0.4763196912131739,0.07523032226754688,0.2391486625511113,0.9688888888458271,0.8813559320540074,2.902501899996423,0.0010375824576945546,0
40,20,40,0.5165382525663071,0.06418375643298099,0.2343365178588509,0.9599999999759999,0.804878048682332,3.848098899994511,0.0009099400990686568,0
40,20,41,0.4208408065998363,0.04726720700574018,0.1910788390963072,0.974999999975625,0.8529411763451558,3.3392776000109734,0.00525489667205057,0
40,20,42,0.4287603406066361,0.054762717156249925,0.20057386954383416,0.9724999999756875,0.8070175437180671,3.2576075999968452,0.007472267112466136,0
40,20,43,0.3380092187012429,0.033054987425670736,0.15415994577974207,0.9699999999757499,0.8378378377246166,3.5855908999947133,0.005565430069133019,0
40,20,44,0.4946845449935189,0.060399144316765956,0.21238543520278474,0.9724999999756875,0.8641975307575065,3.7830538999987766,1.738102701037136e-06,0
40,20,45,0.34812577117516824,0.03218056927627654,0.1526700363004098,0.9699999999757499,0.8333333332175926,3.853500700002769,0.0018755535224864624,0
40,20,46,0.38235650252999415,0.042269458475636644,0.18339872630948204,0.9699999999757499,0.8235294116435987,4.229650299996138,0.0005527614303555315,0
40,20,47,0.5069427382414505,0.06789429143259884,0.24617514182450062,0.98999999997525,0.9259259257544582,1.1535387000039918,-0.0,1
40,20,48,0.686328435596399,0.11790437956172754,0.3164685258819614,0.92999999997675,0.7407407406721537,3.9884612999885576,0.05498357532832977,0
40,20,49,0.3512520507154314,0.033933786802485266,0.16577216255218416,0.984999999975375,0.9230769229585799,3.8839019000006374,0.004767187398290099,0
45,7,40,1.0,0.5618993653627422,0.7287336325604228,0.9387755100124948,0.0,2.8734649999969406,-0.0,1
45,7,41,1.0,0.29834999999999995,0.49999999999999994,0.9183673467513536,0.0,7.504235799991875,-0.0,1
45,7,42,0.8803050354355697,0.2408723672535115,0.45430992575344664,0.959183673273636,0.8333333326388889,0.4446551000000909,-0.0,1
45,7,43,0.8682745673080235,0.20997391671122154,0.39318443767302247,0.9387755100124948,0.6666666659259258,0.5314592000067933,-0.0,1
45,7,44,1.0,0.1721,0.4,0.959183673273636,0.0,2.5811414000054356,-0.0,1
45,7,45,1.0,0.358625,0.5325,0.9183673467513536,0.0,1.999556599999778,-0.0,1
45,7,46,1.0,0.28968000000000005,0.5160000000000001,0.8979591834902124,0.0,1.9822456999972928,-0.0,1
45,7,47,0.4073377190062555,0.09188042459384009,0.2585234733119944,0.9999999997959184,0.9999999987499999,0.37456209999800194,-0.0,1
45,7,48,0.8626413071622503,0.47171623849953725,0.662143508655786,0.9795918365347771,0.7999999984,0.2751044000033289,-0.0,1
45,7,49,1.0,0.1296,0.36,0.9795918365347771,0.0,1.9567285999946762,-0.0,1
45,10,40,0.5906764841434904,0.12091865772242757,0.3184527552205129,0.979999999902,0.89999999955,0.35396349999064114,-0.0,1
45,10,41,0.7538595411590325,0.18185714087847024,0.4103176665582029,0.9899999999010001,0.9473684205540166,0.3888689000013983,-0.0,1
45,10,42,0.697539871992118,0.1389207753556042,0.3427756200925151,0.9599999999040001,0.8181818178099173,0.3725838999962434,-0.0,1
45,10,43,1.0,0.3568331076202827,0.5699913241423165,0.939999999906,0.0,1.8820087000058265,-0.0,1
45,10,44,1.0,0.2734997697242474,0.46070140970264334,0.9199999999080001,0.0,1.9485320999956457,-0.0,1
45,10,45,0.4513759098165157,0.07472262338086846,0.24993990801164498,0.969999999903,0.8421052627146814,0.4542370999988634,-0.0,1
45,10,46,0.8272257068739503,0.16438547763603817,0.38708442225153195,0.9499999999050001,0.8275862066111771,0.4045683000003919,-0.0,1
45,10,47,0.6299800074901044,0.13451410221416585,0.3523050135825196,0.9899999999010001,0.9090909082644627,0.43659610000031535,-0.0,1
45,10,48,0.43481346225477796,0.0639421051830966,0.2223723805286413,0.979999999902,0.8888888883950616,1.7271514999883948,0.0027288618991376163,0
45,10,49,0.47034462515891523,0.09950656419987236,0.2713096063659904,0.969999999903,0.879999999648,0.3346295000083046,-0.0,1
45,15,40,0.6175824423034446,0.09304601770890164,0.27909391726001975,0.9599999999573333,0.7999999998222223,0.6333329000044614,-0.0,1
45,15,41,0.7462559576567404,0.13363125811888327,0.341243509039134,0.9822222221785679,0.8666666663777778,0.5292501999938395,-0.0,1
45,15,42,0.4542909611436005,0.08018591473250251,0.23914680982280861,0.9555555555130864,0.7826086954820416,2.0622717999940505,0.0041675699940185995,0
45,15,43,0.43498169185961894,0.066246012146157,0.22518887427619363,0.9911111110670617,0.9444444441820987,0.5147163000074215,-0.0,1
45,15,44,0.5596490962303744,0.08155838892704521,0.2625654348460254,0.9644444444015802,0.826086956342155,0.5369798000028823,-0.0,1
45,15,45,0.5318784873600821,0.08081168674156443,0.2609153708058316,0.9822222221785679,0.9130434780623818,1.8114893000019947,0.00010764188202431401,0
45,15,46,0.5643368708854248,0.10997240564325078,0.30019070657377833,0.973333333290074,0.8499999997875,0.4582912999903783,-0.0,1
45,15,47,0.6755129766444058,0.14140949465511946,0.3533887933909662,0.9866666666228148,0.909090908815427,0.41753500000049826,-0.0,1
45,15,48,0.493171675288593,0.05969167428617212,0.2271455088188737,0.9688888888458271,0.8627450978700499,2.760158999997657,0.044228942945975395,0
45,15,49,0.516349832401096,0.08841575299696938,0.25941686326955954,0.977777777734321,0.9122807015943367,1.9951625999965472,0.0001865709618514826,0
45,20,40,0.6161803186093404,0.09122621329669116,0.2804777910811648,0.954999999976125,0.7692307691321499,2.506269700010307,0.0012824031089689373,0
45,20,41,0.4607602801011093,0.05667889898238108,0.20971637438931157,0.9799999999755,0.8787878786547292,2.202181600005133,0.00291169040172763,0
45,20,42,0.4737004949223926,0.06689477630493484,0.2258177069221689,0.9724999999756875,0.8070175437180671,2.7932547999953385,0.0074990965916141945,0
45,20,43,0.3899359663528381,0.043999632878809425,0.18158406982844033,0.9674999999758125,0.8266666665564445,2.486424899994745,0.00639305708107283,0
45,20,44,0.5398354036313082,0.0719401198989884,0.23175220049577364,0.9724999999756875,0.8607594935619293,0.46049800000037067,-0.0,1
45,20,45,0.48429275622800705,0.06236953175749283,0.21865530350775686,0.974999999975625,0.8529411763451558,2.4030360000033397,4.249710484995558e-05,0
45,20,46,0.4291848541693947,0.05327321840303039,0.20813527972493873,0.9774999999755625,0.8615384614059173,2.389417800004594,0.00023922113016419568,0
45,20,47,0.5718416855017925,0.08639071519733837,0.2757541939663291,0.98999999997525,0.9259259257544582,0.8349521000054665,-0.0,1
45,20,48,0.7162879116597286,0.1284677498490103,0.32968334492781437,0.92999999997675,0.719999999928,2.2979570999887073,0.05264190238672051,0
45,20,49,0.43878343638676776,0.05291074292894227,0.21306138025648652,0.9799999999755,0.8974358973208416,2.4160553000110667,0.016992972174435416,0
50,7,40,1.0,0.5618993653627422,0.7287336325604228,0.9387755100124948,0.0,1.7117470999946818,-0.0,1
50,7,41,1.0,0.29834999999999995,0.49999999999999994,0.9183673467513536,0.0,1.6806757000013022,-0.0,1
50,7,42,1.0,0.31082833973903234,0.5050636213948047,0.85714285696793,0.0,1.8082592999999179,-0.0,1
50,7,43,1.0,0.2785166666666667,0.4416666666666667,0.8775510202290712,0.0,2.2217347000114387,-0.0,1
50,7,44,1.0,0.1721,0.4,0.959183673273636,0.0,1.704219599996577,-0.0,1
50,7,45,1.0,0.358625,0.5325,0.9183673467513536,0.0,2.4721695000043837,-0.0,1
50,7,46,1.0,0.28968000000000005,0.5160000000000001,0.8979591834902124,0.0,1.6941503999987617,-0.0,1
50,7,47,0.4642285420305842,0.11933763210184743,0.27915658676171023,0.9999999997959184,0.9999999987499999,0.3750582999928156,-0.0,1
50,7,48,1.0,0.6338993788409719,0.7560663936158153,0.9387755100124948,0.0,1.6077223000029335,-0.0,1
50,7,49,1.0,0.1296,0.36,0.9795918365347771,0.0,1.6619356999872252,-0.0,1
50,10,40,0.6764229215621446,0.15857349086769007,0.3651144569182549,0.979999999902,0.89999999955,0.6189987999969162,-0.0,1
50,10,41,0.9327272771664894,0.27839334077765915,0.5101240710222149,0.9899999999010001,0.9473684205540166,0.263547299997299,-0.0,1
50,10,42,0.7380320747323251,0.1555176185012807,0.3644406798720937,0.9499999999050001,0.7619047615419501,0.5375139999960084,-0.0,1
50,10,43,1.0,0.3568331076202827,0.5699913241423165,0.939999999906,0.0,3.9610268999967957,-0.0,1
50,10,44,1.0,0.2734997697242474,0.46070140970264334,0.9199999999080001,0.0,2.946050999991712,-0.0,1
50,10,45,0.48739355439791904,0.08712342100389323,0.27267138456870316,0.969999999903,0.8421052627146814,0.5325796999968588,-0.0,1
50,10,46,0.961124444456275,0.2219088636214063,0.4426624430182853,0.9499999999050001,0.8275862066111771,0.24725640000542626,-0.0,1
50,10,47,0.7615264071326593,0.19655505541185037,0.4252809201858696,0.9899999999010001,0.9090909082644627,0.8822215999971377,-0.0,1
50,10,48,0.49012861279286457,0.08128993089181605,0.25691677363012055,0.979999999902,0.8888888883950616,3.9797186000068905,0.0007964829604661551,0
50,10,49,0.5017156921155737,0.11322301859325103,0.29026106369298194,0.969999999903,0.879999999648,1.0423951000120724,-0.0,1
50,15,40,0.7083985309263334,0.12243624275456307,0.3195454340206971,0.9555555555130864,0.7826086954820416,4.252797900000587,9.142954897270064e-05,0
50,15,41,0.7978329979285183,0.15287376331424693,0.363323714124262,0.9688888888458271,0.7407407404663923,0.7620779999997467,-0.0,1
50,15,42,0.4858075086265453,0.09194526681257721,0.2575070267614083,0.9555555555130864,0.7727272725516529,2.0266193999996176,0.0031166755584498985,0
50,15,43,0.4415113831545674,0.06824983314013151,0.23092009375035533,0.9866666666228148,0.9142857140244898,1.4939187999989372,-0.0,1
50,15,44,0.5851988913821352,0.08919979931503959,0.2731929080092185,0.973333333290074,0.8636363634400827,1.7246818999992684,-0.0,1
50,15,45,0.601126506085521,0.1031745968403157,0.29526525308479734,0.973333333290074,0.8636363634400827,5.953644000008353,0.008134157433247252,0
50,15,46,0.6144828169987142,0.13038493158557765,0.32573670851514064,0.973333333290074,0.8421052629362881,1.7391378000029363,-0.0,1
50,15,47,0.7493822631160035,0.17404860277270728,0.39237176087923276,0.9822222221785679,0.8749999997265625,0.6575223000108963,-0.0,1
50,15,48,0.5260449180905934,0.06800237473254558,0.2420852178501626,0.9555555555130864,0.7916666665017361,3.1941083000128856,0.034255672341024855,0
50,15,49,0.5689247115764632,0.10733920968404223,0.286606991583956,0.9688888888458271,0.8727272725685951,3.013707999998587,4.857396128639861e-06,0
50,20,40,0.6653951973234001,0.10661866087697314,0.3033331257868355,0.9524999999761875,0.7466666665671112,4.062503499997547,5.457407363002593e-05,0
50,20,41,0.5179322379099791,0.07162628686262776,0.23681262702413483,0.9724999999756875,0.82539682526581,3.6774997000029543,0.000795222811455216,0
50,20,42,0.50570923731743,0.0762727699467082,0.24178155025019413,0.9724999999756875,0.8070175437180671,3.7170833999989554,0.005903694534843878,0
50,20,43,0.44295279394293235,0.05685866329060522,0.21378621280761942,0.9799999999755,0.8823529410467129,3.699192599990056,0.005086205879467291,0
50,20,44,0.5811865453919116,0.08339968202946504,0.2495463379611395,0.9674999999758125,0.8311688310608872,0.6993954999925336,-0.0,1
50,20,45,0.5735547467836996,0.08747918097242316,0.2635390749339818,0.9724999999756875,0.8307692306414202,3.717879800009541,0.00013911288516914563,0
50,20,46,0.4672178946891725,0.06314029512118556,0.2269406133680236,0.974999999975625,0.8387096772840791,3.7932583000074374,9.063241223734175e-05,0
50,20,47,0.6601071507944618,0.11511828801495087,0.3188241385059876,0.98999999997525,0.9259259257544582,1.2241909000003943,-0.0,1
50,20,48,0.7315389281872946,0.13405248946418435,0.3368547262370493,0.9324999999766875,0.7216494844616856,3.830528399994364,0.05132483790108608,0
50,20,49,0.428989165099024,0.050649403807826274,0.203718387023394,0.9724999999756875,0.8450704224161874,3.914242099999683,0.0005329347847756498,0
