alpha_factor,nodes_size,seed,RMSE,Trunc_MSE,Trunc_MAE,Accuracy,F1,Time,NoTears,Is_DAG
0.25,7,40,0.31041156426922656,0.02553416489649806,0.15846750466288637,0.9999999988888888,0.9999999975,0.31903070001862943,-0.0,1
0.25,7,41,0.31041156426922656,0.02553416489649806,0.15846750466288637,0.9999999988888888,0.9999999975,0.33465979993343353,-0.0,1
0.25,7,42,0.31041156426922656,0.02553416489649806,0.15846750466288637,0.9999999988888888,0.9999999975,0.3514121000189334,-0.0,1
0.25,7,43,0.31041156426922656,0.02553416489649806,0.15846750466288637,0.9999999988888888,0.9999999975,0.3220444000326097,-0.0,1
0.25,7,44,0.31041156426922656,0.02553416489649806,0.15846750466288637,0.9999999988888888,0.9999999975,0.35406479984521866,-0.0,1
0.25,7,45,0.31041156426922656,0.02553416489649806,0.15846750466288637,0.9999999988888888,0.9999999975,0.422666700091213,-0.0,1
0.25,7,46,0.31041156426922656,0.02553416489649806,0.15846750466288637,0.9999999988888888,0.9999999975,0.3750861999578774,-0.0,1
0.25,7,47,0.31041156426922656,0.02553416489649806,0.15846750466288637,0.9999999988888888,0.9999999975,0.32251220010221004,-0.0,1
0.25,7,48,0.31041156426922656,0.02553416489649806,0.15846750466288637,0.9999999988888888,0.9999999975,0.7162055999506265,-0.0,1
0.25,7,49,0.31041156426922656,0.02553416489649806,0.15846750466288637,0.9999999988888888,0.9999999975,0.4019100000150502,-0.0,1
0.25,10,40,0.31041156426922656,0.02553416489649806,0.15846750466288637,0.9999999988888888,0.9999999975,0.35894499998539686,-0.0,1
0.25,10,41,0.31041156426922656,0.02553416489649806,0.15846750466288637,0.9999999988888888,0.9999999975,0.34117130003869534,-0.0,1
0.25,10,42,0.31041156426922656,0.02553416489649806,0.15846750466288637,0.9999999988888888,0.9999999975,0.33922809991054237,-0.0,1
0.25,10,43,0.31041156426922656,0.02553416489649806,0.15846750466288637,0.9999999988888888,0.9999999975,0.3480433998629451,-0.0,1
0.25,10,44,0.31041156426922656,0.02553416489649806,0.15846750466288637,0.9999999988888888,0.9999999975,0.3366056999657303,-0.0,1
0.25,10,45,0.31041156426922656,0.02553416489649806,0.15846750466288637,0.9999999988888888,0.9999999975,0.3543780001346022,-0.0,1
0.25,10,46,0.31041156426922656,0.02553416489649806,0.15846750466288637,0.9999999988888888,0.9999999975,0.36775740003213286,-0.0,1
0.25,10,47,0.31041156426922656,0.02553416489649806,0.15846750466288637,0.9999999988888888,0.9999999975,0.33768379990942776,-0.0,1
0.25,10,48,0.31041156426922656,0.02553416489649806,0.15846750466288637,0.9999999988888888,0.9999999975,0.321146999951452,-0.0,1
0.25,10,49,0.31041156426922656,0.02553416489649806,0.15846750466288637,0.9999999988888888,0.9999999975,0.3410600000061095,-0.0,1
0.25,15,40,0.31041156426922656,0.02553416489649806,0.15846750466288637,0.9999999988888888,0.9999999975,0.34110460011288524,-0.0,1
0.25,15,41,0.31041156426922656,0.02553416489649806,0.15846750466288637,0.9999999988888888,0.9999999975,0.39084889995865524,-0.0,1
0.25,15,42,0.31041156426922656,0.02553416489649806,0.15846750466288637,0.9999999988888888,0.9999999975,0.37010969989933074,-0.0,1
0.25,15,43,0.31041156426922656,0.02553416489649806,0.15846750466288637,0.9999999988888888,0.9999999975,0.3872887999750674,-0.0,1
0.25,15,44,0.31041156426922656,0.02553416489649806,0.15846750466288637,0.9999999988888888,0.9999999975,0.3544382001273334,-0.0,1
0.25,15,45,0.31041156426922656,0.02553416489649806,0.15846750466288637,0.9999999988888888,0.9999999975,0.9490334000438452,-0.0,1
0.25,15,46,0.31041156426922656,0.02553416489649806,0.15846750466288637,0.9999999988888888,0.9999999975,0.8671441001351923,-0.0,1
0.25,15,47,0.31041156426922656,0.02553416489649806,0.15846750466288637,0.9999999988888888,0.9999999975,0.5934482999145985,-0.0,1
0.25,15,48,0.31041156426922656,0.02553416489649806,0.15846750466288637,0.9999999988888888,0.9999999975,0.7361825001426041,-0.0,1
0.25,15,49,0.31041156426922656,0.02553416489649806,0.15846750466288637,0.9999999988888888,0.9999999975,0.6407228999305516,-0.0,1
0.25,20,40,0.31041156426922656,0.02553416489649806,0.15846750466288637,0.9999999988888888,0.9999999975,0.5999712999910116,-0.0,1
0.25,20,41,0.31041156426922656,0.02553416489649806,0.15846750466288637,0.9999999988888888,0.9999999975,0.4587917998433113,-0.0,1
0.25,20,42,0.31041156426922656,0.02553416489649806,0.15846750466288637,0.9999999988888888,0.9999999975,0.4174161001574248,-0.0,1
0.25,20,43,0.31041156426922656,0.02553416489649806,0.15846750466288637,0.9999999988888888,0.9999999975,0.4085278999991715,-0.0,1
0.25,20,44,0.31041156426922656,0.02553416489649806,0.15846750466288637,0.9999999988888888,0.9999999975,0.4732387000694871,-0.0,1
0.25,20,45,0.31041156426922656,0.02553416489649806,0.15846750466288637,0.9999999988888888,0.9999999975,0.4089277999009937,-0.0,1
0.25,20,46,0.31041156426922656,0.02553416489649806,0.15846750466288637,0.9999999988888888,0.9999999975,0.41258889995515347,-0.0,1
0.25,20,47,0.31041156426922656,0.02553416489649806,0.15846750466288637,0.9999999988888888,0.9999999975,0.4263683999888599,-0.0,1
0.25,20,48,0.31041156426922656,0.02553416489649806,0.15846750466288637,0.9999999988888888,0.9999999975,0.4453586998861283,-0.0,1
0.25,20,49,0.31041156426922656,0.02553416489649806,0.15846750466288637,0.9999999988888888,0.9999999975,0.4084498998709023,-0.0,1
0.5,7,40,0.31041156426922656,0.02553416489649806,0.15846750466288637,0.9999999988888888,0.9999999975,0.3785751999821514,-0.0,1
0.5,7,41,0.31041156426922656,0.02553416489649806,0.15846750466288637,0.9999999988888888,0.9999999975,0.3743735000025481,-0.0,1
0.5,7,42,0.31041156426922656,0.02553416489649806,0.15846750466288637,0.9999999988888888,0.9999999975,0.3669406999833882,-0.0,1
0.5,7,43,0.31041156426922656,0.02553416489649806,0.15846750466288637,0.9999999988888888,0.9999999975,0.38458229997195303,-0.0,1
0.5,7,44,0.31041156426922656,0.02553416489649806,0.15846750466288637,0.9999999988888888,0.9999999975,0.39420769992284477,-0.0,1
0.5,7,45,0.31041156426922656,0.02553416489649806,0.15846750466288637,0.9999999988888888,0.9999999975,0.36738399998284876,-0.0,1
0.5,7,46,0.31041156426922656,0.02553416489649806,0.15846750466288637,0.9999999988888888,0.9999999975,0.3877451999578625,-0.0,1
0.5,7,47,0.31041156426922656,0.02553416489649806,0.15846750466288637,0.9999999988888888,0.9999999975,0.38737539993599057,-0.0,1
0.5,7,48,0.31041156426922656,0.02553416489649806,0.15846750466288637,0.9999999988888888,0.9999999975,0.440885900054127,-0.0,1
0.5,7,49,0.31041156426922656,0.02553416489649806,0.15846750466288637,0.9999999988888888,0.9999999975,0.41981879994273186,-0.0,1
0.5,10,40,0.31041156426922656,0.02553416489649806,0.15846750466288637,0.9999999988888888,0.9999999975,0.386634900001809,-0.0,1
0.5,10,41,0.31041156426922656,0.02553416489649806,0.15846750466288637,0.9999999988888888,0.9999999975,0.39066430018283427,-0.0,1
0.5,10,42,0.31041156426922656,0.02553416489649806,0.15846750466288637,0.9999999988888888,0.9999999975,0.38977450015954673,-0.0,1
0.5,10,43,0.31041156426922656,0.02553416489649806,0.15846750466288637,0.9999999988888888,0.9999999975,0.3906802001874894,-0.0,1
0.5,10,44,0.31041156426922656,0.02553416489649806,0.15846750466288637,0.9999999988888888,0.9999999975,0.3690645999740809,-0.0,1
0.5,10,45,0.31041156426922656,0.02553416489649806,0.15846750466288637,0.9999999988888888,0.9999999975,0.3974556000903249,-0.0,1
0.5,10,46,0.31041156426922656,0.02553416489649806,0.15846750466288637,0.9999999988888888,0.9999999975,0.4051689999178052,-0.0,1
0.5,10,47,0.31041156426922656,0.02553416489649806,0.15846750466288637,0.9999999988888888,0.9999999975,0.438220800133422,-0.0,1
0.5,10,48,0.31041156426922656,0.02553416489649806,0.15846750466288637,0.9999999988888888,0.9999999975,0.4080678001046181,-0.0,1
0.5,10,49,0.31041156426922656,0.02553416489649806,0.15846750466288637,0.9999999988888888,0.9999999975,0.4067051999736577,-0.0,1
0.5,15,40,0.31041156426922656,0.02553416489649806,0.15846750466288637,0.9999999988888888,0.9999999975,0.40306989988312125,-0.0,1
0.5,15,41,0.31041156426922656,0.02553416489649806,0.15846750466288637,0.9999999988888888,0.9999999975,0.41533079999499023,-0.0,1
0.5,15,42,0.31041156426922656,0.02553416489649806,0.15846750466288637,0.9999999988888888,0.9999999975,0.4506675999145955,-0.0,1
0.5,15,43,0.31041156426922656,0.02553416489649806,0.15846750466288637,0.9999999988888888,0.9999999975,0.41216750000603497,-0.0,1
0.5,15,44,0.31041156426922656,0.02553416489649806,0.15846750466288637,0.9999999988888888,0.9999999975,0.4070976001676172,-0.0,1
0.5,15,45,0.31041156426922656,0.02553416489649806,0.15846750466288637,0.9999999988888888,0.9999999975,0.4086919999681413,-0.0,1
0.5,15,46,0.31041156426922656,0.02553416489649806,0.15846750466288637,0.9999999988888888,0.9999999975,0.40918459999375045,-0.0,1
0.5,15,47,0.31041156426922656,0.02553416489649806,0.15846750466288637,0.9999999988888888,0.9999999975,0.4029772998765111,-0.0,1
0.5,15,48,0.31041156426922656,0.02553416489649806,0.15846750466288637,0.9999999988888888,0.9999999975,0.3894694000482559,-0.0,1
0.5,15,49,0.31041156426922656,0.02553416489649806,0.15846750466288637,0.9999999988888888,0.9999999975,0.39368340000510216,-0.0,1
0.5,20,40,0.31041156426922656,0.02553416489649806,0.15846750466288637,0.9999999988888888,0.9999999975,0.4452682000119239,-0.0,1
0.5,20,41,0.31041156426922656,0.02553416489649806,0.15846750466288637,0.9999999988888888,0.9999999975,0.4087882998865098,-0.0,1
0.5,20,42,0.31041156426922656,0.02553416489649806,0.15846750466288637,0.9999999988888888,0.9999999975,0.40492210001684725,-0.0,1
0.5,20,43,0.31041156426922656,0.02553416489649806,0.15846750466288637,0.9999999988888888,0.9999999975,0.405744899995625,-0.0,1
0.5,20,44,0.31041156426922656,0.02553416489649806,0.15846750466288637,0.9999999988888888,0.9999999975,0.40563759999349713,-0.0,1
0.5,20,45,0.31041156426922656,0.02553416489649806,0.15846750466288637,0.9999999988888888,0.9999999975,0.40684879990294576,-0.0,1
0.5,20,46,0.31041156426922656,0.02553416489649806,0.15846750466288637,0.9999999988888888,0.9999999975,0.40244459989480674,-0.0,1
0.5,20,47,0.31041156426922656,0.02553416489649806,0.15846750466288637,0.9999999988888888,0.9999999975,0.40057180006988347,-0.0,1
0.5,20,48,0.31041156426922656,0.02553416489649806,0.15846750466288637,0.9999999988888888,0.9999999975,0.40866130008362234,-0.0,1
0.5,20,49,0.31041156426922656,0.02553416489649806,0.15846750466288637,0.9999999988888888,0.9999999975,0.4386999001726508,-0.0,1
0.75,7,40,0.31041156426922656,0.02553416489649806,0.15846750466288637,0.9999999988888888,0.9999999975,0.4044508000370115,-0.0,1
0.75,7,41,0.31041156426922656,0.02553416489649806,0.15846750466288637,0.9999999988888888,0.9999999975,0.40316960006020963,-0.0,1
0.75,7,42,0.31041156426922656,0.02553416489649806,0.15846750466288637,0.9999999988888888,0.9999999975,0.4097365001216531,-0.0,1
0.75,7,43,0.31041156426922656,0.02553416489649806,0.15846750466288637,0.9999999988888888,0.9999999975,0.4068769998848438,-0.0,1
0.75,7,44,0.31041156426922656,0.02553416489649806,0.15846750466288637,0.9999999988888888,0.9999999975,0.40029819984920323,-0.0,1
0.75,7,45,0.31041156426922656,0.02553416489649806,0.15846750466288637,0.9999999988888888,0.9999999975,0.4030273000244051,-0.0,1
0.75,7,46,0.31041156426922656,0.02553416489649806,0.15846750466288637,0.9999999988888888,0.9999999975,0.4043989998754114,-0.0,1
0.75,7,47,0.31041156426922656,0.02553416489649806,0.15846750466288637,0.9999999988888888,0.9999999975,0.44044129992835224,-0.0,1
0.75,7,48,0.31041156426922656,0.02553416489649806,0.15846750466288637,0.9999999988888888,0.9999999975,0.449411700014025,-0.0,1
0.75,7,49,0.31041156426922656,0.02553416489649806,0.15846750466288637,0.9999999988888888,0.9999999975,0.4326889000367373,-0.0,1
0.75,10,40,0.31041156426922656,0.02553416489649806,0.15846750466288637,0.9999999988888888,0.9999999975,0.4140661999117583,-0.0,1
0.75,10,41,0.31041156426922656,0.02553416489649806,0.15846750466288637,0.9999999988888888,0.9999999975,0.4054549001157284,-0.0,1
0.75,10,42,0.31041156426922656,0.02553416489649806,0.15846750466288637,0.9999999988888888,0.9999999975,0.4066029000096023,-0.0,1
0.75,10,43,0.31041156426922656,0.02553416489649806,0.15846750466288637,0.9999999988888888,0.9999999975,0.39519329997710884,-0.0,1
0.75,10,44,0.31041156426922656,0.02553416489649806,0.15846750466288637,0.9999999988888888,0.9999999975,0.4053249000571668,-0.0,1
0.75,10,45,0.31041156426922656,0.02553416489649806,0.15846750466288637,0.9999999988888888,0.9999999975,0.44166629994288087,-0.0,1
0.75,10,46,0.31041156426922656,0.02553416489649806,0.15846750466288637,0.9999999988888888,0.9999999975,0.4181838999502361,-0.0,1
0.75,10,47,0.31041156426922656,0.02553416489649806,0.15846750466288637,0.9999999988888888,0.9999999975,0.40469769993796945,-0.0,1
0.75,10,48,0.31041156426922656,0.02553416489649806,0.15846750466288637,0.9999999988888888,0.9999999975,0.4024445000104606,-0.0,1
0.75,10,49,0.31041156426922656,0.02553416489649806,0.15846750466288637,0.9999999988888888,0.9999999975,0.4087484998162836,-0.0,1
0.75,15,40,0.31041156426922656,0.02553416489649806,0.15846750466288637,0.9999999988888888,0.9999999975,0.42984439991414547,-0.0,1
0.75,15,41,0.31041156426922656,0.02553416489649806,0.15846750466288637,0.9999999988888888,0.9999999975,0.43531739991158247,-0.0,1
0.75,15,42,0.31041156426922656,0.02553416489649806,0.15846750466288637,0.9999999988888888,0.9999999975,0.4204617999494076,-0.0,1
0.75,15,43,0.31041156426922656,0.02553416489649806,0.15846750466288637,0.9999999988888888,0.9999999975,0.4283200001809746,-0.0,1
0.75,15,44,0.31041156426922656,0.02553416489649806,0.15846750466288637,0.9999999988888888,0.9999999975,0.4088304000906646,-0.0,1
0.75,15,45,0.31041156426922656,0.02553416489649806,0.15846750466288637,0.9999999988888888,0.9999999975,0.40340409986674786,-0.0,1
0.75,15,46,0.31041156426922656,0.02553416489649806,0.15846750466288637,0.9999999988888888,0.9999999975,0.40159899997524917,-0.0,1
0.75,15,47,0.31041156426922656,0.02553416489649806,0.15846750466288637,0.9999999988888888,0.9999999975,0.40983340004459023,-0.0,1
0.75,15,48,0.31041156426922656,0.02553416489649806,0.15846750466288637,0.9999999988888888,0.9999999975,0.4033888000994921,-0.0,1
0.75,15,49,0.31041156426922656,0.02553416489649806,0.15846750466288637,0.9999999988888888,0.9999999975,0.40323000005446374,-0.0,1
0.75,20,40,0.31041156426922656,0.02553416489649806,0.15846750466288637,0.9999999988888888,0.9999999975,0.39380350010469556,-0.0,1
0.75,20,41,0.31041156426922656,0.02553416489649806,0.15846750466288637,0.9999999988888888,0.9999999975,0.41935870004817843,-0.0,1
0.75,20,42,0.31041156426922656,0.02553416489649806,0.15846750466288637,0.9999999988888888,0.9999999975,0.4488177001476288,-0.0,1
0.75,20,43,0.31041156426922656,0.02553416489649806,0.15846750466288637,0.9999999988888888,0.9999999975,0.45099009992554784,-0.0,1
0.75,20,44,0.31041156426922656,0.02553416489649806,0.15846750466288637,0.9999999988888888,0.9999999975,0.43748600012622774,-0.0,1
0.75,20,45,0.31041156426922656,0.02553416489649806,0.15846750466288637,0.9999999988888888,0.9999999975,0.42301859986037016,-0.0,1
0.75,20,46,0.31041156426922656,0.02553416489649806,0.15846750466288637,0.9999999988888888,0.9999999975,0.4297882001847029,-0.0,1
0.75,20,47,0.31041156426922656,0.02553416489649806,0.15846750466288637,0.9999999988888888,0.9999999975,0.41035879985429347,-0.0,1
0.75,20,48,0.31041156426922656,0.02553416489649806,0.15846750466288637,0.9999999988888888,0.9999999975,0.44930370012298226,-0.0,1
0.75,20,49,0.31041156426922656,0.02553416489649806,0.15846750466288637,0.9999999988888888,0.9999999975,0.4397166999988258,-0.0,1
1.0,7,40,0.31041156426922656,0.02553416489649806,0.15846750466288637,0.9999999988888888,0.9999999975,0.4350725000258535,-0.0,1
1.0,7,41,0.31041156426922656,0.02553416489649806,0.15846750466288637,0.9999999988888888,0.9999999975,0.43962209997698665,-0.0,1
1.0,7,42,0.31041156426922656,0.02553416489649806,0.15846750466288637,0.9999999988888888,0.9999999975,0.4245964998845011,-0.0,1
1.0,7,43,0.31041156426922656,0.02553416489649806,0.15846750466288637,0.9999999988888888,0.9999999975,0.4284896000754088,-0.0,1
1.0,7,44,0.31041156426922656,0.02553416489649806,0.15846750466288637,0.9999999988888888,0.9999999975,0.42103169998154044,-0.0,1
1.0,7,45,0.31041156426922656,0.02553416489649806,0.15846750466288637,0.9999999988888888,0.9999999975,0.41218960005789995,-0.0,1
1.0,7,46,0.31041156426922656,0.02553416489649806,0.15846750466288637,0.9999999988888888,0.9999999975,0.4068307999987155,-0.0,1
1.0,7,47,0.31041156426922656,0.02553416489649806,0.15846750466288637,0.9999999988888888,0.9999999975,0.40655620000325143,-0.0,1
1.0,7,48,0.31041156426922656,0.02553416489649806,0.15846750466288637,0.9999999988888888,0.9999999975,0.40786670008674264,-0.0,1
1.0,7,49,0.31041156426922656,0.02553416489649806,0.15846750466288637,0.9999999988888888,0.9999999975,0.4078776000533253,-0.0,1
1.0,10,40,0.31041156426922656,0.02553416489649806,0.15846750466288637,0.9999999988888888,0.9999999975,0.4156331999693066,-0.0,1
1.0,10,41,0.31041156426922656,0.02553416489649806,0.15846750466288637,0.9999999988888888,0.9999999975,0.40460540005005896,-0.0,1
1.0,10,42,0.31041156426922656,0.02553416489649806,0.15846750466288637,0.9999999988888888,0.9999999975,0.45095229987055063,-0.0,1
1.0,10,43,0.31041156426922656,0.02553416489649806,0.15846750466288637,0.9999999988888888,0.9999999975,0.4089346998371184,-0.0,1
1.0,10,44,0.31041156426922656,0.02553416489649806,0.15846750466288637,0.9999999988888888,0.9999999975,0.40377660002559423,-0.0,1
1.0,10,45,0.31041156426922656,0.02553416489649806,0.15846750466288637,0.9999999988888888,0.9999999975,0.39905070001259446,-0.0,1
1.0,10,46,0.31041156426922656,0.02553416489649806,0.15846750466288637,0.9999999988888888,0.9999999975,0.39833780005574226,-0.0,1
1.0,10,47,0.31041156426922656,0.02553416489649806,0.15846750466288637,0.9999999988888888,0.9999999975,0.40196059993468225,-0.0,1
1.0,10,48,0.31041156426922656,0.02553416489649806,0.15846750466288637,0.9999999988888888,0.9999999975,0.4018625000026077,-0.0,1
1.0,10,49,0.31041156426922656,0.02553416489649806,0.15846750466288637,0.9999999988888888,0.9999999975,0.43863550014793873,-0.0,1
1.0,15,40,0.31041156426922656,0.02553416489649806,0.15846750466288637,0.9999999988888888,0.9999999975,0.40249960008077323,-0.0,1
1.0,15,41,0.31041156426922656,0.02553416489649806,0.15846750466288637,0.9999999988888888,0.9999999975,0.4381413001101464,-0.0,1
1.0,15,42,0.31041156426922656,0.02553416489649806,0.15846750466288637,0.9999999988888888,0.9999999975,0.40524549991823733,-0.0,1
1.0,15,43,0.31041156426922656,0.02553416489649806,0.15846750466288637,0.9999999988888888,0.9999999975,0.3872162001207471,-0.0,1
1.0,15,44,0.31041156426922656,0.02553416489649806,0.15846750466288637,0.9999999988888888,0.9999999975,0.390469100093469,-0.0,1
1.0,15,45,0.31041156426922656,0.02553416489649806,0.15846750466288637,0.9999999988888888,0.9999999975,0.3912720999214798,-0.0,1
1.0,15,46,0.31041156426922656,0.02553416489649806,0.15846750466288637,0.9999999988888888,0.9999999975,0.4050783000420779,-0.0,1
1.0,15,47,0.31041156426922656,0.02553416489649806,0.15846750466288637,0.9999999988888888,0.9999999975,0.4186337001156062,-0.0,1
1.0,15,48,0.31041156426922656,0.02553416489649806,0.15846750466288637,0.9999999988888888,0.9999999975,0.4261109000071883,-0.0,1
1.0,15,49,0.31041156426922656,0.02553416489649806,0.15846750466288637,0.9999999988888888,0.9999999975,0.4624212000053376,-0.0,1
1.0,20,40,0.31041156426922656,0.02553416489649806,0.15846750466288637,0.9999999988888888,0.9999999975,0.4954213001765311,-0.0,1
1.0,20,41,0.31041156426922656,0.02553416489649806,0.15846750466288637,0.9999999988888888,0.9999999975,0.4613509001210332,-0.0,1
1.0,20,42,0.31041156426922656,0.02553416489649806,0.15846750466288637,0.9999999988888888,0.9999999975,0.42884499998763204,-0.0,1
1.0,20,43,0.31041156426922656,0.02553416489649806,0.15846750466288637,0.9999999988888888,0.9999999975,0.4336826999206096,-0.0,1
1.0,20,44,0.31041156426922656,0.02553416489649806,0.15846750466288637,0.9999999988888888,0.9999999975,0.43302190001122653,-0.0,1
1.0,20,45,0.31041156426922656,0.02553416489649806,0.15846750466288637,0.9999999988888888,0.9999999975,0.4338835999369621,-0.0,1
1.0,20,46,0.31041156426922656,0.02553416489649806,0.15846750466288637,0.9999999988888888,0.9999999975,0.4423105001915246,-0.0,1
1.0,20,47,0.31041156426922656,0.02553416489649806,0.15846750466288637,0.9999999988888888,0.9999999975,0.5121486999560148,-0.0,1
1.0,20,48,0.31041156426922656,0.02553416489649806,0.15846750466288637,0.9999999988888888,0.9999999975,0.5606913000810891,-0.0,1
1.0,20,49,0.31041156426922656,0.02553416489649806,0.15846750466288637,0.9999999988888888,0.9999999975,0.5094958001282066,-0.0,1
1.25,7,40,0.31041156426922656,0.02553416489649806,0.15846750466288637,0.9999999988888888,0.9999999975,0.4811774000991136,-0.0,1
1.25,7,41,0.31041156426922656,0.02553416489649806,0.15846750466288637,0.9999999988888888,0.9999999975,0.4278878001496196,-0.0,1
1.25,7,42,0.31041156426922656,0.02553416489649806,0.15846750466288637,0.9999999988888888,0.9999999975,0.408739099977538,-0.0,1
1.25,7,43,0.31041156426922656,0.02553416489649806,0.15846750466288637,0.9999999988888888,0.9999999975,0.42165939998812973,-0.0,1
1.25,7,44,0.31041156426922656,0.02553416489649806,0.15846750466288637,0.9999999988888888,0.9999999975,0.40234459983184934,-0.0,1
1.25,7,45,0.31041156426922656,0.02553416489649806,0.15846750466288637,0.9999999988888888,0.9999999975,0.44932180014438927,-0.0,1
1.25,7,46,0.31041156426922656,0.02553416489649806,0.15846750466288637,0.9999999988888888,0.9999999975,0.401443799957633,-0.0,1
1.25,7,47,0.31041156426922656,0.02553416489649806,0.15846750466288637,0.9999999988888888,0.9999999975,0.41233650012873113,-0.0,1
1.25,7,48,0.31041156426922656,0.02553416489649806,0.15846750466288637,0.9999999988888888,0.9999999975,0.3995817000977695,-0.0,1
1.25,7,49,0.31041156426922656,0.02553416489649806,0.15846750466288637,0.9999999988888888,0.9999999975,0.40355730010196567,-0.0,1
1.25,10,40,0.31041156426922656,0.02553416489649806,0.15846750466288637,0.9999999988888888,0.9999999975,0.39860749989748,-0.0,1
1.25,10,41,0.31041156426922656,0.02553416489649806,0.15846750466288637,0.9999999988888888,0.9999999975,0.4120661001652479,-0.0,1
1.25,10,42,0.31041156426922656,0.02553416489649806,0.15846750466288637,0.9999999988888888,0.9999999975,0.4043210002128035,-0.0,1
1.25,10,43,0.31041156426922656,0.02553416489649806,0.15846750466288637,0.9999999988888888,0.9999999975,0.4067746000364423,-0.0,1
1.25,10,44,0.31041156426922656,0.02553416489649806,0.15846750466288637,0.9999999988888888,0.9999999975,0.3995219999924302,-0.0,1
1.25,10,45,0.31041156426922656,0.02553416489649806,0.15846750466288637,0.9999999988888888,0.9999999975,0.40792770008556545,-0.0,1
1.25,10,46,0.31041156426922656,0.02553416489649806,0.15846750466288637,0.9999999988888888,0.9999999975,0.4021161000709981,-0.0,1
1.25,10,47,0.31041156426922656,0.02553416489649806,0.15846750466288637,0.9999999988888888,0.9999999975,0.4052051999606192,-0.0,1
1.25,10,48,0.31041156426922656,0.02553416489649806,0.15846750466288637,0.9999999988888888,0.9999999975,0.46090950001962483,-0.0,1
1.25,10,49,0.31041156426922656,0.02553416489649806,0.15846750466288637,0.9999999988888888,0.9999999975,0.4200150000397116,-0.0,1
1.25,15,40,0.31041156426922656,0.02553416489649806,0.15846750466288637,0.9999999988888888,0.9999999975,0.4091554000042379,-0.0,1
1.25,15,41,0.31041156426922656,0.02553416489649806,0.15846750466288637,0.9999999988888888,0.9999999975,0.41483580018393695,-0.0,1
1.25,15,42,0.31041156426922656,0.02553416489649806,0.15846750466288637,0.9999999988888888,0.9999999975,0.42263839999213815,-0.0,1
1.25,15,43,0.31041156426922656,0.02553416489649806,0.15846750466288637,0.9999999988888888,0.9999999975,0.40622329991310835,-0.0,1
1.25,15,44,0.31041156426922656,0.02553416489649806,0.15846750466288637,0.9999999988888888,0.9999999975,0.4011280999984592,-0.0,1
1.25,15,45,0.31041156426922656,0.02553416489649806,0.15846750466288637,0.9999999988888888,0.9999999975,0.41039020009338856,-0.0,1
1.25,15,46,0.31041156426922656,0.02553416489649806,0.15846750466288637,0.9999999988888888,0.9999999975,0.40791149996221066,-0.0,1
1.25,15,47,0.31041156426922656,0.02553416489649806,0.15846750466288637,0.9999999988888888,0.9999999975,0.47974819992668927,-0.0,1
1.25,15,48,0.31041156426922656,0.02553416489649806,0.15846750466288637,0.9999999988888888,0.9999999975,0.42558609996922314,-0.0,1
1.25,15,49,0.31041156426922656,0.02553416489649806,0.15846750466288637,0.9999999988888888,0.9999999975,0.40863630012609065,-0.0,1
1.25,20,40,0.31041156426922656,0.02553416489649806,0.15846750466288637,0.9999999988888888,0.9999999975,0.40438749990426004,-0.0,1
1.25,20,41,0.31041156426922656,0.02553416489649806,0.15846750466288637,0.9999999988888888,0.9999999975,0.43580159987322986,-0.0,1
1.25,20,42,0.31041156426922656,0.02553416489649806,0.15846750466288637,0.9999999988888888,0.9999999975,0.4192427000962198,-0.0,1
1.25,20,43,0.31041156426922656,0.02553416489649806,0.15846750466288637,0.9999999988888888,0.9999999975,0.40789459994994104,-0.0,1
1.25,20,44,0.31041156426922656,0.02553416489649806,0.15846750466288637,0.9999999988888888,0.9999999975,0.40455760015174747,-0.0,1
1.25,20,45,0.31041156426922656,0.02553416489649806,0.15846750466288637,0.9999999988888888,0.9999999975,0.44413230009377,-0.0,1
1.25,20,46,0.31041156426922656,0.02553416489649806,0.15846750466288637,0.9999999988888888,0.9999999975,0.4040466998703778,-0.0,1
1.25,20,47,0.31041156426922656,0.02553416489649806,0.15846750466288637,0.9999999988888888,0.9999999975,0.40550770005211234,-0.0,1
1.25,20,48,0.31041156426922656,0.02553416489649806,0.15846750466288637,0.9999999988888888,0.9999999975,0.4047904000617564,-0.0,1
1.25,20,49,0.31041156426922656,0.02553416489649806,0.15846750466288637,0.9999999988888888,0.9999999975,0.3988527001347393,-0.0,1
1.5,7,40,0.31041156426922656,0.02553416489649806,0.15846750466288637,0.9999999988888888,0.9999999975,0.4055155999958515,-0.0,1
1.5,7,41,0.31041156426922656,0.02553416489649806,0.15846750466288637,0.9999999988888888,0.9999999975,0.40377740003168583,-0.0,1
1.5,7,42,0.31041156426922656,0.02553416489649806,0.15846750466288637,0.9999999988888888,0.9999999975,0.40524120000191033,-0.0,1
1.5,7,43,0.31041156426922656,0.02553416489649806,0.15846750466288637,0.9999999988888888,0.9999999975,0.40146189997904,-0.0,1
1.5,7,44,0.31041156426922656,0.02553416489649806,0.15846750466288637,0.9999999988888888,0.9999999975,0.4363937999587506,-0.0,1
1.5,7,45,0.31041156426922656,0.02553416489649806,0.15846750466288637,0.9999999988888888,0.9999999975,0.4101770999841392,-0.0,1
1.5,7,46,0.31041156426922656,0.02553416489649806,0.15846750466288637,0.9999999988888888,0.9999999975,0.4004466999322176,-0.0,1
1.5,7,47,0.31041156426922656,0.02553416489649806,0.15846750466288637,0.9999999988888888,0.9999999975,0.39803919987753034,-0.0,1
1.5,7,48,0.31041156426922656,0.02553416489649806,0.15846750466288637,0.9999999988888888,0.9999999975,0.36880380008369684,-0.0,1
1.5,7,49,0.31041156426922656,0.02553416489649806,0.15846750466288637,0.9999999988888888,0.9999999975,0.35718299984000623,-0.0,1
1.5,10,40,0.31041156426922656,0.02553416489649806,0.15846750466288637,0.9999999988888888,0.9999999975,0.3565944000147283,-0.0,1
1.5,10,41,0.31041156426922656,0.02553416489649806,0.15846750466288637,0.9999999988888888,0.9999999975,0.34593670000322163,-0.0,1
1.5,10,42,0.31041156426922656,0.02553416489649806,0.15846750466288637,0.9999999988888888,0.9999999975,0.3492600000463426,-0.0,1
1.5,10,43,0.31041156426922656,0.02553416489649806,0.15846750466288637,0.9999999988888888,0.9999999975,0.37964230007492006,-0.0,1
1.5,10,44,0.31041156426922656,0.02553416489649806,0.15846750466288637,0.9999999988888888,0.9999999975,0.35652639996260405,-0.0,1
1.5,10,45,0.31041156426922656,0.02553416489649806,0.15846750466288637,0.9999999988888888,0.9999999975,0.3514112001284957,-0.0,1
1.5,10,46,0.31041156426922656,0.02553416489649806,0.15846750466288637,0.9999999988888888,0.9999999975,0.363688999786973,-0.0,1
1.5,10,47,0.31041156426922656,0.02553416489649806,0.15846750466288637,0.9999999988888888,0.9999999975,0.3464659000746906,-0.0,1
1.5,10,48,0.31041156426922656,0.02553416489649806,0.15846750466288637,0.9999999988888888,0.9999999975,0.3526650001294911,-0.0,1
1.5,10,49,0.31041156426922656,0.02553416489649806,0.15846750466288637,0.9999999988888888,0.9999999975,0.3513610998634249,-0.0,1
1.5,15,40,0.31041156426922656,0.02553416489649806,0.15846750466288637,0.9999999988888888,0.9999999975,0.35155649995431304,-0.0,1
1.5,15,41,0.31041156426922656,0.02553416489649806,0.15846750466288637,0.9999999988888888,0.9999999975,0.3605120999272913,-0.0,1
1.5,15,42,0.31041156426922656,0.02553416489649806,0.15846750466288637,0.9999999988888888,0.9999999975,0.3859923998825252,-0.0,1
1.5,15,43,0.31041156426922656,0.02553416489649806,0.15846750466288637,0.9999999988888888,0.9999999975,0.39057839987799525,-0.0,1
1.5,15,44,0.31041156426922656,0.02553416489649806,0.15846750466288637,0.9999999988888888,0.9999999975,0.3933997000567615,-0.0,1
1.5,15,45,0.31041156426922656,0.02553416489649806,0.15846750466288637,0.9999999988888888,0.9999999975,0.3894962999038398,-0.0,1
1.5,15,46,0.31041156426922656,0.02553416489649806,0.15846750466288637,0.9999999988888888,0.9999999975,0.39969950006343424,-0.0,1
1.5,15,47,0.31041156426922656,0.02553416489649806,0.15846750466288637,0.9999999988888888,0.9999999975,0.40133109991438687,-0.0,1
1.5,15,48,0.31041156426922656,0.02553416489649806,0.15846750466288637,0.9999999988888888,0.9999999975,0.44030870008282363,-0.0,1
1.5,15,49,0.31041156426922656,0.02553416489649806,0.15846750466288637,0.9999999988888888,0.9999999975,0.4798160002101213,-0.0,1
1.5,20,40,0.31041156426922656,0.02553416489649806,0.15846750466288637,0.9999999988888888,0.9999999975,0.4761102001648396,-0.0,1
1.5,20,41,0.31041156426922656,0.02553416489649806,0.15846750466288637,0.9999999988888888,0.9999999975,0.43232830008491874,-0.0,1
1.5,20,42,0.31041156426922656,0.02553416489649806,0.15846750466288637,0.9999999988888888,0.9999999975,0.40683089988306165,-0.0,1
1.5,20,43,0.31041156426922656,0.02553416489649806,0.15846750466288637,0.9999999988888888,0.9999999975,0.3773360999766737,-0.0,1
1.5,20,44,0.31041156426922656,0.02553416489649806,0.15846750466288637,0.9999999988888888,0.9999999975,0.34957599989138544,-0.0,1
1.5,20,45,0.31041156426922656,0.02553416489649806,0.15846750466288637,0.9999999988888888,0.9999999975,0.35393520002253354,-0.0,1
1.5,20,46,0.31041156426922656,0.02553416489649806,0.15846750466288637,0.9999999988888888,0.9999999975,0.34634460019879043,-0.0,1
1.5,20,47,0.31041156426922656,0.02553416489649806,0.15846750466288637,0.9999999988888888,0.9999999975,0.346275300020352,-0.0,1
1.5,20,48,0.31041156426922656,0.02553416489649806,0.15846750466288637,0.9999999988888888,0.9999999975,0.347223199903965,-0.0,1
1.5,20,49,0.31041156426922656,0.02553416489649806,0.15846750466288637,0.9999999988888888,0.9999999975,0.3657660000026226,-0.0,1
1.75,7,40,0.31041156426922656,0.02553416489649806,0.15846750466288637,0.9999999988888888,0.9999999975,0.43020839989185333,-0.0,1
1.75,7,41,0.31041156426922656,0.02553416489649806,0.15846750466288637,0.9999999988888888,0.9999999975,0.36450319993309677,-0.0,1
1.75,7,42,0.31041156426922656,0.02553416489649806,0.15846750466288637,0.9999999988888888,0.9999999975,0.36796940001659095,-0.0,1
1.75,7,43,0.31041156426922656,0.02553416489649806,0.15846750466288637,0.9999999988888888,0.9999999975,0.37142039998434484,-0.0,1
1.75,7,44,0.31041156426922656,0.02553416489649806,0.15846750466288637,0.9999999988888888,0.9999999975,0.36488069989718497,-0.0,1
1.75,7,45,0.31041156426922656,0.02553416489649806,0.15846750466288637,0.9999999988888888,0.9999999975,0.35656700003892183,-0.0,1
1.75,7,46,0.31041156426922656,0.02553416489649806,0.15846750466288637,0.9999999988888888,0.9999999975,0.363333199871704,-0.0,1
1.75,7,47,0.31041156426922656,0.02553416489649806,0.15846750466288637,0.9999999988888888,0.9999999975,0.3908750999253243,-0.0,1
1.75,7,48,0.31041156426922656,0.02553416489649806,0.15846750466288637,0.9999999988888888,0.9999999975,0.4314579002093524,-0.0,1
1.75,7,49,0.31041156426922656,0.02553416489649806,0.15846750466288637,0.9999999988888888,0.9999999975,0.40598949999548495,-0.0,1
1.75,10,40,0.31041156426922656,0.02553416489649806,0.15846750466288637,0.9999999988888888,0.9999999975,0.4033657000400126,-0.0,1
1.75,10,41,0.31041156426922656,0.02553416489649806,0.15846750466288637,0.9999999988888888,0.9999999975,0.4097941000945866,-0.0,1
1.75,10,42,0.31041156426922656,0.02553416489649806,0.15846750466288637,0.9999999988888888,0.9999999975,0.4015773998107761,-0.0,1
1.75,10,43,0.31041156426922656,0.02553416489649806,0.15846750466288637,0.9999999988888888,0.9999999975,0.39540229993872344,-0.0,1
1.75,10,44,0.31041156426922656,0.02553416489649806,0.15846750466288637,0.9999999988888888,0.9999999975,0.3994185000192374,-0.0,1
1.75,10,45,0.31041156426922656,0.02553416489649806,0.15846750466288637,0.9999999988888888,0.9999999975,0.40722259995527565,-0.0,1
1.75,10,46,0.31041156426922656,0.02553416489649806,0.15846750466288637,0.9999999988888888,0.9999999975,0.40973269985988736,-0.0,1
1.75,10,47,0.31041156426922656,0.02553416489649806,0.15846750466288637,0.9999999988888888,0.9999999975,0.442336100153625,-0.0,1
1.75,10,48,0.31041156426922656,0.02553416489649806,0.15846750466288637,0.9999999988888888,0.9999999975,0.4088273998349905,-0.0,1
1.75,10,49,0.31041156426922656,0.02553416489649806,0.15846750466288637,0.9999999988888888,0.9999999975,0.4085437001194805,-0.0,1
1.75,15,40,0.31041156426922656,0.02553416489649806,0.15846750466288637,0.9999999988888888,0.9999999975,0.40076679992489517,-0.0,1
1.75,15,41,0.31041156426922656,0.02553416489649806,0.15846750466288637,0.9999999988888888,0.9999999975,0.40883029997348785,-0.0,1
1.75,15,42,0.31041156426922656,0.02553416489649806,0.15846750466288637,0.9999999988888888,0.9999999975,0.4043703998904675,-0.0,1
1.75,15,43,0.31041156426922656,0.02553416489649806,0.15846750466288637,0.9999999988888888,0.9999999975,0.40115940012037754,-0.0,1
1.75,15,44,0.31041156426922656,0.02553416489649806,0.15846750466288637,0.9999999988888888,0.9999999975,0.39261060021817684,-0.0,1
1.75,15,45,0.31041156426922656,0.02553416489649806,0.15846750466288637,0.9999999988888888,0.9999999975,0.3916610998567194,-0.0,1
1.75,15,46,0.31041156426922656,0.02553416489649806,0.15846750466288637,0.9999999988888888,0.9999999975,0.43439999991096556,-0.0,1
1.75,15,47,0.31041156426922656,0.02553416489649806,0.15846750466288637,0.9999999988888888,0.9999999975,0.43663040013052523,-0.0,1
1.75,15,48,0.31041156426922656,0.02553416489649806,0.15846750466288637,0.9999999988888888,0.9999999975,0.405346899991855,-0.0,1
1.75,15,49,0.31041156426922656,0.02553416489649806,0.15846750466288637,0.9999999988888888,0.9999999975,0.40672559989616275,-0.0,1
1.75,20,40,0.31041156426922656,0.02553416489649806,0.15846750466288637,0.9999999988888888,0.9999999975,0.40360879991203547,-0.0,1
1.75,20,41,0.31041156426922656,0.02553416489649806,0.15846750466288637,0.9999999988888888,0.9999999975,0.40149380010552704,-0.0,1
1.75,20,42,0.31041156426922656,0.02553416489649806,0.15846750466288637,0.9999999988888888,0.9999999975,0.4244051999412477,-0.0,1
1.75,20,43,0.31041156426922656,0.02553416489649806,0.15846750466288637,0.9999999988888888,0.9999999975,0.40760539984330535,-0.0,1
1.75,20,44,0.31041156426922656,0.02553416489649806,0.15846750466288637,0.9999999988888888,0.9999999975,0.4400675999931991,-0.0,1
1.75,20,45,0.31041156426922656,0.02553416489649806,0.15846750466288637,0.9999999988888888,0.9999999975,0.40963129978626966,-0.0,1
1.75,20,46,0.31041156426922656,0.02553416489649806,0.15846750466288637,0.9999999988888888,0.9999999975,0.4090092000551522,-0.0,1
1.75,20,47,0.31041156426922656,0.02553416489649806,0.15846750466288637,0.9999999988888888,0.9999999975,0.4216207000426948,-0.0,1
1.75,20,48,0.31041156426922656,0.02553416489649806,0.15846750466288637,0.9999999988888888,0.9999999975,0.4052120998967439,-0.0,1
1.75,20,49,0.31041156426922656,0.02553416489649806,0.15846750466288637,0.9999999988888888,0.9999999975,0.41294669988565147,-0.0,1
2.0,7,40,0.31041156426922656,0.02553416489649806,0.15846750466288637,0.9999999988888888,0.9999999975,0.41942729987204075,-0.0,1
2.0,7,41,0.31041156426922656,0.02553416489649806,0.15846750466288637,0.9999999988888888,0.9999999975,0.40712729981169105,-0.0,1
2.0,7,42,0.31041156426922656,0.02553416489649806,0.15846750466288637,0.9999999988888888,0.9999999975,0.4370100998785347,-0.0,1
2.0,7,43,0.31041156426922656,0.02553416489649806,0.15846750466288637,0.9999999988888888,0.9999999975,0.4131440999917686,-0.0,1
2.0,7,44,0.31041156426922656,0.02553416489649806,0.15846750466288637,0.9999999988888888,0.9999999975,0.4038901999592781,-0.0,1
2.0,7,45,0.31041156426922656,0.02553416489649806,0.15846750466288637,0.9999999988888888,0.9999999975,0.3970278000924736,-0.0,1
2.0,7,46,0.31041156426922656,0.02553416489649806,0.15846750466288637,0.9999999988888888,0.9999999975,0.39446599991060793,-0.0,1
2.0,7,47,0.31041156426922656,0.02553416489649806,0.15846750466288637,0.9999999988888888,0.9999999975,0.390606899978593,-0.0,1
2.0,7,48,0.31041156426922656,0.02553416489649806,0.15846750466288637,0.9999999988888888,0.9999999975,0.39691850007511675,-0.0,1
2.0,7,49,0.31041156426922656,0.02553416489649806,0.15846750466288637,0.9999999988888888,0.9999999975,0.3983356999233365,-0.0,1
2.0,10,40,0.31041156426922656,0.02553416489649806,0.15846750466288637,0.9999999988888888,0.9999999975,0.40193020016886294,-0.0,1
2.0,10,41,0.31041156426922656,0.02553416489649806,0.15846750466288637,0.9999999988888888,0.9999999975,0.446308100130409,-0.0,1
2.0,10,42,0.31041156426922656,0.02553416489649806,0.15846750466288637,0.9999999988888888,0.9999999975,0.47283089999109507,-0.0,1
2.0,10,43,0.31041156426922656,0.02553416489649806,0.15846750466288637,0.9999999988888888,0.9999999975,0.46417339984327555,-0.0,1
2.0,10,44,0.31041156426922656,0.02553416489649806,0.15846750466288637,0.9999999988888888,0.9999999975,0.4459629999473691,-0.0,1
2.0,10,45,0.31041156426922656,0.02553416489649806,0.15846750466288637,0.9999999988888888,0.9999999975,0.4426804000977427,-0.0,1
2.0,10,46,0.31041156426922656,0.02553416489649806,0.15846750466288637,0.9999999988888888,0.9999999975,0.4398858000058681,-0.0,1
2.0,10,47,0.31041156426922656,0.02553416489649806,0.15846750466288637,0.9999999988888888,0.9999999975,0.4725959000643343,-0.0,1
2.0,10,48,0.31041156426922656,0.02553416489649806,0.15846750466288637,0.9999999988888888,0.9999999975,0.4490481000393629,-0.0,1
2.0,10,49,0.31041156426922656,0.02553416489649806,0.15846750466288637,0.9999999988888888,0.9999999975,0.46651099994778633,-0.0,1
2.0,15,40,0.31041156426922656,0.02553416489649806,0.15846750466288637,0.9999999988888888,0.9999999975,0.421539600007236,-0.0,1
2.0,15,41,0.31041156426922656,0.02553416489649806,0.15846750466288637,0.9999999988888888,0.9999999975,0.4066703000571579,-0.0,1
2.0,15,42,0.31041156426922656,0.02553416489649806,0.15846750466288637,0.9999999988888888,0.9999999975,0.413789999904111,-0.0,1
2.0,15,43,0.31041156426922656,0.02553416489649806,0.15846750466288637,0.9999999988888888,0.9999999975,0.4136585001833737,-0.0,1
2.0,15,44,0.31041156426922656,0.02553416489649806,0.15846750466288637,0.9999999988888888,0.9999999975,0.41987490002065897,-0.0,1
2.0,15,45,0.31041156426922656,0.02553416489649806,0.15846750466288637,0.9999999988888888,0.9999999975,0.41234429995529354,-0.0,1
2.0,15,46,0.31041156426922656,0.02553416489649806,0.15846750466288637,0.9999999988888888,0.9999999975,0.38417940004728734,-0.0,1
2.0,15,47,0.31041156426922656,0.02553416489649806,0.15846750466288637,0.9999999988888888,0.9999999975,0.35743119986727834,-0.0,1
2.0,15,48,0.31041156426922656,0.02553416489649806,0.15846750466288637,0.9999999988888888,0.9999999975,0.3928894998971373,-0.0,1
2.0,15,49,0.31041156426922656,0.02553416489649806,0.15846750466288637,0.9999999988888888,0.9999999975,0.3673283001407981,-0.0,1
2.0,20,40,0.31041156426922656,0.02553416489649806,0.15846750466288637,0.9999999988888888,0.9999999975,0.3620919999666512,-0.0,1
2.0,20,41,0.31041156426922656,0.02553416489649806,0.15846750466288637,0.9999999988888888,0.9999999975,0.3713908998761326,-0.0,1
2.0,20,42,0.31041156426922656,0.02553416489649806,0.15846750466288637,0.9999999988888888,0.9999999975,0.3626384998206049,-0.0,1
2.0,20,43,0.31041156426922656,0.02553416489649806,0.15846750466288637,0.9999999988888888,0.9999999975,0.34361180011183023,-0.0,1
2.0,20,44,0.31041156426922656,0.02553416489649806,0.15846750466288637,0.9999999988888888,0.9999999975,0.3437097000423819,-0.0,1
2.0,20,45,0.31041156426922656,0.02553416489649806,0.15846750466288637,0.9999999988888888,0.9999999975,0.3448761999607086,-0.0,1
2.0,20,46,0.31041156426922656,0.02553416489649806,0.15846750466288637,0.9999999988888888,0.9999999975,0.3535207000095397,-0.0,1
2.0,20,47,0.31041156426922656,0.02553416489649806,0.15846750466288637,0.9999999988888888,0.9999999975,0.37417569989338517,-0.0,1
2.0,20,48,0.31041156426922656,0.02553416489649806,0.15846750466288637,0.9999999988888888,0.9999999975,0.35944220004603267,-0.0,1
2.0,20,49,0.31041156426922656,0.02553416489649806,0.15846750466288637,0.9999999988888888,0.9999999975,0.34982829983346164,-0.0,1
2.25,7,40,0.31041156426922656,0.02553416489649806,0.15846750466288637,0.9999999988888888,0.9999999975,0.3760418000165373,-0.0,1
2.25,7,41,0.31041156426922656,0.02553416489649806,0.15846750466288637,0.9999999988888888,0.9999999975,0.38209420000202954,-0.0,1
2.25,7,42,0.31041156426922656,0.02553416489649806,0.15846750466288637,0.9999999988888888,0.9999999975,0.3864663999993354,-0.0,1
2.25,7,43,0.31041156426922656,0.02553416489649806,0.15846750466288637,0.9999999988888888,0.9999999975,0.3858654999639839,-0.0,1
2.25,7,44,0.31041156426922656,0.02553416489649806,0.15846750466288637,0.9999999988888888,0.9999999975,0.38746849982999265,-0.0,1
2.25,7,45,0.31041156426922656,0.02553416489649806,0.15846750466288637,0.9999999988888888,0.9999999975,0.3825210998766124,-0.0,1
2.25,7,46,0.31041156426922656,0.02553416489649806,0.15846750466288637,0.9999999988888888,0.9999999975,0.3774413999635726,-0.0,1
2.25,7,47,0.31041156426922656,0.02553416489649806,0.15846750466288637,0.9999999988888888,0.9999999975,0.4269679000135511,-0.0,1
2.25,7,48,0.31041156426922656,0.02553416489649806,0.15846750466288637,0.9999999988888888,0.9999999975,0.3953031999990344,-0.0,1
2.25,7,49,0.31041156426922656,0.02553416489649806,0.15846750466288637,0.9999999988888888,0.9999999975,0.38013039994984865,-0.0,1
2.25,10,40,0.31041156426922656,0.02553416489649806,0.15846750466288637,0.9999999988888888,0.9999999975,0.3853186999913305,-0.0,1
2.25,10,41,0.31041156426922656,0.02553416489649806,0.15846750466288637,0.9999999988888888,0.9999999975,0.385760199977085,-0.0,1
2.25,10,42,0.31041156426922656,0.02553416489649806,0.15846750466288637,0.9999999988888888,0.9999999975,0.38791200006380677,-0.0,1
2.25,10,43,0.31041156426922656,0.02553416489649806,0.15846750466288637,0.9999999988888888,0.9999999975,0.3855069000273943,-0.0,1
2.25,10,44,0.31041156426922656,0.02553416489649806,0.15846750466288637,0.9999999988888888,0.9999999975,0.38623419986106455,-0.0,1
2.25,10,45,0.31041156426922656,0.02553416489649806,0.15846750466288637,0.9999999988888888,0.9999999975,0.3846074999310076,-0.0,1
2.25,10,46,0.31041156426922656,0.02553416489649806,0.15846750466288637,0.9999999988888888,0.9999999975,0.42441019997932017,-0.0,1
2.25,10,47,0.31041156426922656,0.02553416489649806,0.15846750466288637,0.9999999988888888,0.9999999975,0.3895277001429349,-0.0,1
2.25,10,48,0.31041156426922656,0.02553416489649806,0.15846750466288637,0.9999999988888888,0.9999999975,0.38380219996906817,-0.0,1
2.25,10,49,0.31041156426922656,0.02553416489649806,0.15846750466288637,0.9999999988888888,0.9999999975,0.3795547999907285,-0.0,1
2.25,15,40,0.31041156426922656,0.02553416489649806,0.15846750466288637,0.9999999988888888,0.9999999975,0.38358219992369413,-0.0,1
2.25,15,41,0.31041156426922656,0.02553416489649806,0.15846750466288637,0.9999999988888888,0.9999999975,0.4172610000241548,-0.0,1
2.25,15,42,0.31041156426922656,0.02553416489649806,0.15846750466288637,0.9999999988888888,0.9999999975,0.3958461000584066,-0.0,1
2.25,15,43,0.31041156426922656,0.02553416489649806,0.15846750466288637,0.9999999988888888,0.9999999975,0.3842144999653101,-0.0,1
2.25,15,44,0.31041156426922656,0.02553416489649806,0.15846750466288637,0.9999999988888888,0.9999999975,0.38612989988178015,-0.0,1
2.25,15,45,0.31041156426922656,0.02553416489649806,0.15846750466288637,0.9999999988888888,0.9999999975,0.4113018000498414,-0.0,1
2.25,15,46,0.31041156426922656,0.02553416489649806,0.15846750466288637,0.9999999988888888,0.9999999975,0.4239087998867035,-0.0,1
2.25,15,47,0.31041156426922656,0.02553416489649806,0.15846750466288637,0.9999999988888888,0.9999999975,0.39990320010110736,-0.0,1
2.25,15,48,0.31041156426922656,0.02553416489649806,0.15846750466288637,0.9999999988888888,0.9999999975,0.3920430999714881,-0.0,1
2.25,15,49,0.31041156426922656,0.02553416489649806,0.15846750466288637,0.9999999988888888,0.9999999975,0.38261290010996163,-0.0,1
2.25,20,40,0.31041156426922656,0.02553416489649806,0.15846750466288637,0.9999999988888888,0.9999999975,0.3882415001280606,-0.0,1
2.25,20,41,0.31041156426922656,0.02553416489649806,0.15846750466288637,0.9999999988888888,0.9999999975,0.3848093000706285,-0.0,1
2.25,20,42,0.31041156426922656,0.02553416489649806,0.15846750466288637,0.9999999988888888,0.9999999975,0.38467319984920323,-0.0,1
2.25,20,43,0.31041156426922656,0.02553416489649806,0.15846750466288637,0.9999999988888888,0.9999999975,0.38391800015233457,-0.0,1
2.25,20,44,0.31041156426922656,0.02553416489649806,0.15846750466288637,0.9999999988888888,0.9999999975,0.3796523998025805,-0.0,1
2.25,20,45,0.31041156426922656,0.02553416489649806,0.15846750466288637,0.9999999988888888,0.9999999975,0.39235659991391003,-0.0,1
2.25,20,46,0.31041156426922656,0.02553416489649806,0.15846750466288637,0.9999999988888888,0.9999999975,0.386861199978739,-0.0,1
2.25,20,47,0.31041156426922656,0.02553416489649806,0.15846750466288637,0.9999999988888888,0.9999999975,0.38456119992770255,-0.0,1
2.25,20,48,0.31041156426922656,0.02553416489649806,0.15846750466288637,0.9999999988888888,0.9999999975,0.4095666999928653,-0.0,1
2.25,20,49,0.31041156426922656,0.02553416489649806,0.15846750466288637,0.9999999988888888,0.9999999975,0.39606020017527044,-0.0,1
2.5,7,40,0.31041156426922656,0.02553416489649806,0.15846750466288637,0.9999999988888888,0.9999999975,0.38514210004359484,-0.0,1
2.5,7,41,0.31041156426922656,0.02553416489649806,0.15846750466288637,0.9999999988888888,0.9999999975,0.3827698999084532,-0.0,1
2.5,7,42,0.31041156426922656,0.02553416489649806,0.15846750466288637,0.9999999988888888,0.9999999975,0.3823331000749022,-0.0,1
2.5,7,43,0.31041156426922656,0.02553416489649806,0.15846750466288637,0.9999999988888888,0.9999999975,0.3844948001205921,-0.0,1
2.5,7,44,0.31041156426922656,0.02553416489649806,0.15846750466288637,0.9999999988888888,0.9999999975,0.38534940010868013,-0.0,1
2.5,7,45,0.31041156426922656,0.02553416489649806,0.15846750466288637,0.9999999988888888,0.9999999975,0.3751374001149088,-0.0,1
2.5,7,46,0.31041156426922656,0.02553416489649806,0.15846750466288637,0.9999999988888888,0.9999999975,0.3848790000192821,-0.0,1
2.5,7,47,0.31041156426922656,0.02553416489649806,0.15846750466288637,0.9999999988888888,0.9999999975,0.4104370998684317,-0.0,1
2.5,7,48,0.31041156426922656,0.02553416489649806,0.15846750466288637,0.9999999988888888,0.9999999975,0.400759199867025,-0.0,1
2.5,7,49,0.31041156426922656,0.02553416489649806,0.15846750466288637,0.9999999988888888,0.9999999975,0.38927350006997585,-0.0,1
2.5,10,40,0.31041156426922656,0.02553416489649806,0.15846750466288637,0.9999999988888888,0.9999999975,0.38615850009955466,-0.0,1
2.5,10,41,0.31041156426922656,0.02553416489649806,0.15846750466288637,0.9999999988888888,0.9999999975,0.38409220008179545,-0.0,1
2.5,10,42,0.31041156426922656,0.02553416489649806,0.15846750466288637,0.9999999988888888,0.9999999975,0.38514889986254275,-0.0,1
2.5,10,43,0.31041156426922656,0.02553416489649806,0.15846750466288637,0.9999999988888888,0.9999999975,0.385152000002563,-0.0,1
2.5,10,44,0.31041156426922656,0.02553416489649806,0.15846750466288637,0.9999999988888888,0.9999999975,0.3807465999852866,-0.0,1
2.5,10,45,0.31041156426922656,0.02553416489649806,0.15846750466288637,0.9999999988888888,0.9999999975,0.3918784998822957,-0.0,1
2.5,10,46,0.31041156426922656,0.02553416489649806,0.15846750466288637,0.9999999988888888,0.9999999975,0.4055068998131901,-0.0,1
2.5,10,47,0.31041156426922656,0.02553416489649806,0.15846750466288637,0.9999999988888888,0.9999999975,0.40188310015946627,-0.0,1
2.5,10,48,0.31041156426922656,0.02553416489649806,0.15846750466288637,0.9999999988888888,0.9999999975,0.3885651999153197,-0.0,1
2.5,10,49,0.31041156426922656,0.02553416489649806,0.15846750466288637,0.9999999988888888,0.9999999975,0.38648659992031753,-0.0,1
2.5,15,40,0.31041156426922656,0.02553416489649806,0.15846750466288637,0.9999999988888888,0.9999999975,0.38729600002989173,-0.0,1
2.5,15,41,0.31041156426922656,0.02553416489649806,0.15846750466288637,0.9999999988888888,0.9999999975,0.38167829997837543,-0.0,1
2.5,15,42,0.31041156426922656,0.02553416489649806,0.15846750466288637,0.9999999988888888,0.9999999975,0.3779436000622809,-0.0,1
2.5,15,43,0.31041156426922656,0.02553416489649806,0.15846750466288637,0.9999999988888888,0.9999999975,0.3818546000402421,-0.0,1
2.5,15,44,0.31041156426922656,0.02553416489649806,0.15846750466288637,0.9999999988888888,0.9999999975,0.3826091999653727,-0.0,1
2.5,15,45,0.31041156426922656,0.02553416489649806,0.15846750466288637,0.9999999988888888,0.9999999975,0.38319989992305636,-0.0,1
2.5,15,46,0.31041156426922656,0.02553416489649806,0.15846750466288637,0.9999999988888888,0.9999999975,0.42941059987060726,-0.0,1
2.5,15,47,0.31041156426922656,0.02553416489649806,0.15846750466288637,0.9999999988888888,0.9999999975,0.3923446999397129,-0.0,1
2.5,15,48,0.31041156426922656,0.02553416489649806,0.15846750466288637,0.9999999988888888,0.9999999975,0.3812504999805242,-0.0,1
2.5,15,49,0.31041156426922656,0.02553416489649806,0.15846750466288637,0.9999999988888888,0.9999999975,0.38237470015883446,-0.0,1
2.5,20,40,0.31041156426922656,0.02553416489649806,0.15846750466288637,0.9999999988888888,0.9999999975,0.3851739000529051,-0.0,1
2.5,20,41,0.31041156426922656,0.02553416489649806,0.15846750466288637,0.9999999988888888,0.9999999975,0.3985905998852104,-0.0,1
2.5,20,42,0.31041156426922656,0.02553416489649806,0.15846750466288637,0.9999999988888888,0.9999999975,0.3786528999917209,-0.0,1
2.5,20,43,0.31041156426922656,0.02553416489649806,0.15846750466288637,0.9999999988888888,0.9999999975,0.3820369001477957,-0.0,1
2.5,20,44,0.31041156426922656,0.02553416489649806,0.15846750466288637,0.9999999988888888,0.9999999975,0.41176570020616055,-0.0,1
2.5,20,45,0.31041156426922656,0.02553416489649806,0.15846750466288637,0.9999999988888888,0.9999999975,0.3903820998966694,-0.0,1
2.5,20,46,0.31041156426922656,0.02553416489649806,0.15846750466288637,0.9999999988888888,0.9999999975,0.3795717000029981,-0.0,1
2.5,20,47,0.31041156426922656,0.02553416489649806,0.15846750466288637,0.9999999988888888,0.9999999975,0.3807616999838501,-0.0,1
2.5,20,48,0.31041156426922656,0.02553416489649806,0.15846750466288637,0.9999999988888888,0.9999999975,0.38178039994090796,-0.0,1
2.5,20,49,0.31041156426922656,0.02553416489649806,0.15846750466288637,0.9999999988888888,0.9999999975,0.39389829989522696,-0.0,1
2.75,7,40,0.31041156426922656,0.02553416489649806,0.15846750466288637,0.9999999988888888,0.9999999975,0.3838138000573963,-0.0,1
2.75,7,41,0.31041156426922656,0.02553416489649806,0.15846750466288637,0.9999999988888888,0.9999999975,0.38512789993546903,-0.0,1
2.75,7,42,0.31041156426922656,0.02553416489649806,0.15846750466288637,0.9999999988888888,0.9999999975,0.4032809000927955,-0.0,1
2.75,7,43,0.31041156426922656,0.02553416489649806,0.15846750466288637,0.9999999988888888,0.9999999975,0.4242814998142421,-0.0,1
2.75,7,44,0.31041156426922656,0.02553416489649806,0.15846750466288637,0.9999999988888888,0.9999999975,0.3978730000089854,-0.0,1
2.75,7,45,0.31041156426922656,0.02553416489649806,0.15846750466288637,0.9999999988888888,0.9999999975,0.3878277000039816,-0.0,1
2.75,7,46,0.31041156426922656,0.02553416489649806,0.15846750466288637,0.9999999988888888,0.9999999975,0.39125139988027513,-0.0,1
2.75,7,47,0.31041156426922656,0.02553416489649806,0.15846750466288637,0.9999999988888888,0.9999999975,0.37728290003724396,-0.0,1
2.75,7,48,0.31041156426922656,0.02553416489649806,0.15846750466288637,0.9999999988888888,0.9999999975,0.35386149981059134,-0.0,1
2.75,7,49,0.31041156426922656,0.02553416489649806,0.15846750466288637,0.9999999988888888,0.9999999975,0.3494698000140488,-0.0,1
2.75,10,40,0.31041156426922656,0.02553416489649806,0.15846750466288637,0.9999999988888888,0.9999999975,0.3495036999229342,-0.0,1
2.75,10,41,0.31041156426922656,0.02553416489649806,0.15846750466288637,0.9999999988888888,0.9999999975,0.3422586000524461,-0.0,1
2.75,10,42,0.31041156426922656,0.02553416489649806,0.15846750466288637,0.9999999988888888,0.9999999975,0.3465933999978006,-0.0,1
2.75,10,43,0.31041156426922656,0.02553416489649806,0.15846750466288637,0.9999999988888888,0.9999999975,0.3692105000372976,-0.0,1
2.75,10,44,0.31041156426922656,0.02553416489649806,0.15846750466288637,0.9999999988888888,0.9999999975,0.3552954001352191,-0.0,1
2.75,10,45,0.31041156426922656,0.02553416489649806,0.15846750466288637,0.9999999988888888,0.9999999975,0.3429651998449117,-0.0,1
2.75,10,46,0.31041156426922656,0.02553416489649806,0.15846750466288637,0.9999999988888888,0.9999999975,0.34219060000032187,-0.0,1
2.75,10,47,0.31041156426922656,0.02553416489649806,0.15846750466288637,0.9999999988888888,0.9999999975,0.34759139991365373,-0.0,1
2.75,10,48,0.31041156426922656,0.02553416489649806,0.15846750466288637,0.9999999988888888,0.9999999975,0.4508919999934733,-0.0,1
2.75,10,49,0.31041156426922656,0.02553416489649806,0.15846750466288637,0.9999999988888888,0.9999999975,0.39305560011416674,-0.0,1
2.75,15,40,0.31041156426922656,0.02553416489649806,0.15846750466288637,0.9999999988888888,0.9999999975,0.360544899944216,-0.0,1
2.75,15,41,0.31041156426922656,0.02553416489649806,0.15846750466288637,0.9999999988888888,0.9999999975,0.3716051001101732,-0.0,1
2.75,15,42,0.31041156426922656,0.02553416489649806,0.15846750466288637,0.9999999988888888,0.9999999975,0.47072779992595315,-0.0,1
2.75,15,43,0.31041156426922656,0.02553416489649806,0.15846750466288637,0.9999999988888888,0.9999999975,0.4977983001153916,-0.0,1
2.75,15,44,0.31041156426922656,0.02553416489649806,0.15846750466288637,0.9999999988888888,0.9999999975,0.5204311998095363,-0.0,1
2.75,15,45,0.31041156426922656,0.02553416489649806,0.15846750466288637,0.9999999988888888,0.9999999975,0.5660423999652267,-0.0,1
2.75,15,46,0.31041156426922656,0.02553416489649806,0.15846750466288637,0.9999999988888888,0.9999999975,0.48187030013650656,-0.0,1
2.75,15,47,0.31041156426922656,0.02553416489649806,0.15846750466288637,0.9999999988888888,0.9999999975,0.44450580002740026,-0.0,1
2.75,15,48,0.31041156426922656,0.02553416489649806,0.15846750466288637,0.9999999988888888,0.9999999975,0.44480579998344183,-0.0,1
2.75,15,49,0.31041156426922656,0.02553416489649806,0.15846750466288637,0.9999999988888888,0.9999999975,0.4345912002027035,-0.0,1
2.75,20,40,0.31041156426922656,0.02553416489649806,0.15846750466288637,0.9999999988888888,0.9999999975,0.4442624000366777,-0.0,1
2.75,20,41,0.31041156426922656,0.02553416489649806,0.15846750466288637,0.9999999988888888,0.9999999975,0.47678010002709925,-0.0,1
2.75,20,42,0.31041156426922656,0.02553416489649806,0.15846750466288637,0.9999999988888888,0.9999999975,0.4550697000231594,-0.0,1
2.75,20,43,0.31041156426922656,0.02553416489649806,0.15846750466288637,0.9999999988888888,0.9999999975,0.4351570999715477,-0.0,1
2.75,20,44,0.31041156426922656,0.02553416489649806,0.15846750466288637,0.9999999988888888,0.9999999975,0.43843229999765754,-0.0,1
2.75,20,45,0.31041156426922656,0.02553416489649806,0.15846750466288637,0.9999999988888888,0.9999999975,0.4333420000039041,-0.0,1
2.75,20,46,0.31041156426922656,0.02553416489649806,0.15846750466288637,0.9999999988888888,0.9999999975,0.4249603000935167,-0.0,1
2.75,20,47,0.31041156426922656,0.02553416489649806,0.15846750466288637,0.9999999988888888,0.9999999975,0.4313397000078112,-0.0,1
2.75,20,48,0.31041156426922656,0.02553416489649806,0.15846750466288637,0.9999999988888888,0.9999999975,0.42631969996728003,-0.0,1
2.75,20,49,0.31041156426922656,0.02553416489649806,0.15846750466288637,0.9999999988888888,0.9999999975,0.4368072999641299,-0.0,1
3.0,7,40,0.31041156426922656,0.02553416489649806,0.15846750466288637,0.9999999988888888,0.9999999975,0.4810365999583155,-0.0,1
3.0,7,41,0.31041156426922656,0.02553416489649806,0.15846750466288637,0.9999999988888888,0.9999999975,0.4623275001067668,-0.0,1
3.0,7,42,0.31041156426922656,0.02553416489649806,0.15846750466288637,0.9999999988888888,0.9999999975,0.4511549000162631,-0.0,1
3.0,7,43,0.31041156426922656,0.02553416489649806,0.15846750466288637,0.9999999988888888,0.9999999975,0.4498876000288874,-0.0,1
3.0,7,44,0.31041156426922656,0.02553416489649806,0.15846750466288637,0.9999999988888888,0.9999999975,0.45094299991615117,-0.0,1
3.0,7,45,0.31041156426922656,0.02553416489649806,0.15846750466288637,0.9999999988888888,0.9999999975,0.4312171000055969,-0.0,1
3.0,7,46,0.31041156426922656,0.02553416489649806,0.15846750466288637,0.9999999988888888,0.9999999975,0.42896110005676746,-0.0,1
3.0,7,47,0.31041156426922656,0.02553416489649806,0.15846750466288637,0.9999999988888888,0.9999999975,0.4309132001362741,-0.0,1
3.0,7,48,0.31041156426922656,0.02553416489649806,0.15846750466288637,0.9999999988888888,0.9999999975,0.46529159997589886,-0.0,1
3.0,7,49,0.31041156426922656,0.02553416489649806,0.15846750466288637,0.9999999988888888,0.9999999975,0.44323690002784133,-0.0,1
3.0,10,40,0.31041156426922656,0.02553416489649806,0.15846750466288637,0.9999999988888888,0.9999999975,0.43491730000823736,-0.0,1
3.0,10,41,0.31041156426922656,0.02553416489649806,0.15846750466288637,0.9999999988888888,0.9999999975,0.4698169999755919,-0.0,1
3.0,10,42,0.31041156426922656,0.02553416489649806,0.15846750466288637,0.9999999988888888,0.9999999975,0.4519124000798911,-0.0,1
3.0,10,43,0.31041156426922656,0.02553416489649806,0.15846750466288637,0.9999999988888888,0.9999999975,0.44173879991285503,-0.0,1
3.0,10,44,0.31041156426922656,0.02553416489649806,0.15846750466288637,0.9999999988888888,0.9999999975,0.43753919983282685,-0.0,1
3.0,10,45,0.31041156426922656,0.02553416489649806,0.15846750466288637,0.9999999988888888,0.9999999975,0.39752999995835125,-0.0,1
3.0,10,46,0.31041156426922656,0.02553416489649806,0.15846750466288637,0.9999999988888888,0.9999999975,0.3806336000561714,-0.0,1
3.0,10,47,0.31041156426922656,0.02553416489649806,0.15846750466288637,0.9999999988888888,0.9999999975,0.4178245000075549,-0.0,1
3.0,10,48,0.31041156426922656,0.02553416489649806,0.15846750466288637,0.9999999988888888,0.9999999975,0.40640070009976625,-0.0,1
3.0,10,49,0.31041156426922656,0.02553416489649806,0.15846750466288637,0.9999999988888888,0.9999999975,0.43857580004259944,-0.0,1
3.0,15,40,0.31041156426922656,0.02553416489649806,0.15846750466288637,0.9999999988888888,0.9999999975,0.4454006999731064,-0.0,1
3.0,15,41,0.31041156426922656,0.02553416489649806,0.15846750466288637,0.9999999988888888,0.9999999975,0.41343139996752143,-0.0,1
3.0,15,42,0.31041156426922656,0.02553416489649806,0.15846750466288637,0.9999999988888888,0.9999999975,0.41077059996314347,-0.0,1
3.0,15,43,0.31041156426922656,0.02553416489649806,0.15846750466288637,0.9999999988888888,0.9999999975,0.43421269999817014,-0.0,1
3.0,15,44,0.31041156426922656,0.02553416489649806,0.15846750466288637,0.9999999988888888,0.9999999975,0.39178219996392727,-0.0,1
3.0,15,45,0.31041156426922656,0.02553416489649806,0.15846750466288637,0.9999999988888888,0.9999999975,0.4185469001531601,-0.0,1
3.0,15,46,0.31041156426922656,0.02553416489649806,0.15846750466288637,0.9999999988888888,0.9999999975,0.3920806001406163,-0.0,1
3.0,15,47,0.31041156426922656,0.02553416489649806,0.15846750466288637,0.9999999988888888,0.9999999975,0.386456600157544,-0.0,1
3.0,15,48,0.31041156426922656,0.02553416489649806,0.15846750466288637,0.9999999988888888,0.9999999975,0.3849633999634534,-0.0,1
3.0,15,49,0.31041156426922656,0.02553416489649806,0.15846750466288637,0.9999999988888888,0.9999999975,0.382800699910149,-0.0,1
3.0,20,40,0.31041156426922656,0.02553416489649806,0.15846750466288637,0.9999999988888888,0.9999999975,0.38856270001269877,-0.0,1
3.0,20,41,0.31041156426922656,0.02553416489649806,0.15846750466288637,0.9999999988888888,0.9999999975,0.38301569991745055,-0.0,1
3.0,20,42,0.31041156426922656,0.02553416489649806,0.15846750466288637,0.9999999988888888,0.9999999975,0.3922437001019716,-0.0,1
3.0,20,43,0.31041156426922656,0.02553416489649806,0.15846750466288637,0.9999999988888888,0.9999999975,0.38864900008775294,-0.0,1
3.0,20,44,0.31041156426922656,0.02553416489649806,0.15846750466288637,0.9999999988888888,0.9999999975,0.3868373001459986,-0.0,1
3.0,20,45,0.31041156426922656,0.02553416489649806,0.15846750466288637,0.9999999988888888,0.9999999975,0.38148600002750754,-0.0,1
3.0,20,46,0.31041156426922656,0.02553416489649806,0.15846750466288637,0.9999999988888888,0.9999999975,0.3838140999432653,-0.0,1
3.0,20,47,0.31041156426922656,0.02553416489649806,0.15846750466288637,0.9999999988888888,0.9999999975,0.38010310009121895,-0.0,1
3.0,20,48,0.31041156426922656,0.02553416489649806,0.15846750466288637,0.9999999988888888,0.9999999975,0.37449139985255897,-0.0,1
3.0,20,49,0.31041156426922656,0.02553416489649806,0.15846750466288637,0.9999999988888888,0.9999999975,0.3779207000043243,-0.0,1
3.25,7,40,0.31041156426922656,0.02553416489649806,0.15846750466288637,0.9999999988888888,0.9999999975,0.379097199998796,-0.0,1
3.25,7,41,0.31041156426922656,0.02553416489649806,0.15846750466288637,0.9999999988888888,0.9999999975,0.41263479995541275,-0.0,1
3.25,7,42,0.31041156426922656,0.02553416489649806,0.15846750466288637,0.9999999988888888,0.9999999975,0.38904520007781684,-0.0,1
3.25,7,43,0.31041156426922656,0.02553416489649806,0.15846750466288637,0.9999999988888888,0.9999999975,0.384089499944821,-0.0,1
3.25,7,44,0.31041156426922656,0.02553416489649806,0.15846750466288637,0.9999999988888888,0.9999999975,0.38361939997412264,-0.0,1
3.25,7,45,0.31041156426922656,0.02553416489649806,0.15846750466288637,0.9999999988888888,0.9999999975,0.39086599997244775,-0.0,1
3.25,7,46,0.31041156426922656,0.02553416489649806,0.15846750466288637,0.9999999988888888,0.9999999975,0.3855002000927925,-0.0,1
3.25,7,47,0.31041156426922656,0.02553416489649806,0.15846750466288637,0.9999999988888888,0.9999999975,0.39078280003741384,-0.0,1
3.25,7,48,0.31041156426922656,0.02553416489649806,0.15846750466288637,0.9999999988888888,0.9999999975,0.39727830002084374,-0.0,1
3.25,7,49,0.31041156426922656,0.02553416489649806,0.15846750466288637,0.9999999988888888,0.9999999975,0.4199314001016319,-0.0,1
3.25,10,40,0.31041156426922656,0.02553416489649806,0.15846750466288637,0.9999999988888888,0.9999999975,0.4248856999911368,-0.0,1
3.25,10,41,0.31041156426922656,0.02553416489649806,0.15846750466288637,0.9999999988888888,0.9999999975,0.3989450999069959,-0.0,1
3.25,10,42,0.31041156426922656,0.02553416489649806,0.15846750466288637,0.9999999988888888,0.9999999975,0.3838935000821948,-0.0,1
3.25,10,43,0.31041156426922656,0.02553416489649806,0.15846750466288637,0.9999999988888888,0.9999999975,0.38516509998589754,-0.0,1
3.25,10,44,0.31041156426922656,0.02553416489649806,0.15846750466288637,0.9999999988888888,0.9999999975,0.3838603999465704,-0.0,1
3.25,10,45,0.31041156426922656,0.02553416489649806,0.15846750466288637,0.9999999988888888,0.9999999975,0.3782550999894738,-0.0,1
3.25,10,46,0.31041156426922656,0.02553416489649806,0.15846750466288637,0.9999999988888888,0.9999999975,0.3833687000442296,-0.0,1
3.25,10,47,0.31041156426922656,0.02553416489649806,0.15846750466288637,0.9999999988888888,0.9999999975,0.38478439999744296,-0.0,1
3.25,10,48,0.31041156426922656,0.02553416489649806,0.15846750466288637,0.9999999988888888,0.9999999975,0.3774178000167012,-0.0,1
3.25,10,49,0.31041156426922656,0.02553416489649806,0.15846750466288637,0.9999999988888888,0.9999999975,0.4046691998373717,-0.0,1
3.25,15,40,0.31041156426922656,0.02553416489649806,0.15846750466288637,0.9999999988888888,0.9999999975,0.3976801000535488,-0.0,1
3.25,15,41,0.31041156426922656,0.02553416489649806,0.15846750466288637,0.9999999988888888,0.9999999975,0.3806429000105709,-0.0,1
3.25,15,42,0.31041156426922656,0.02553416489649806,0.15846750466288637,0.9999999988888888,0.9999999975,0.3827887000516057,-0.0,1
3.25,15,43,0.31041156426922656,0.02553416489649806,0.15846750466288637,0.9999999988888888,0.9999999975,0.38706049998290837,-0.0,1
3.25,15,44,0.31041156426922656,0.02553416489649806,0.15846750466288637,0.9999999988888888,0.9999999975,0.41343670012429357,-0.0,1
3.25,15,45,0.31041156426922656,0.02553416489649806,0.15846750466288637,0.9999999988888888,0.9999999975,0.40300159994512796,-0.0,1
3.25,15,46,0.31041156426922656,0.02553416489649806,0.15846750466288637,0.9999999988888888,0.9999999975,0.3840711999218911,-0.0,1
3.25,15,47,0.31041156426922656,0.02553416489649806,0.15846750466288637,0.9999999988888888,0.9999999975,0.38814599998295307,-0.0,1
3.25,15,48,0.31041156426922656,0.02553416489649806,0.15846750466288637,0.9999999988888888,0.9999999975,0.3991052999626845,-0.0,1
3.25,15,49,0.31041156426922656,0.02553416489649806,0.15846750466288637,0.9999999988888888,0.9999999975,0.3988596999552101,-0.0,1
3.25,20,40,0.31041156426922656,0.02553416489649806,0.15846750466288637,0.9999999988888888,0.9999999975,0.38803399982862175,-0.0,1
3.25,20,41,0.31041156426922656,0.02553416489649806,0.15846750466288637,0.9999999988888888,0.9999999975,0.38000130001455545,-0.0,1
3.25,20,42,0.31041156426922656,0.02553416489649806,0.15846750466288637,0.9999999988888888,0.9999999975,0.38372020004317164,-0.0,1
3.25,20,43,0.31041156426922656,0.02553416489649806,0.15846750466288637,0.9999999988888888,0.9999999975,0.3792187999933958,-0.0,1
3.25,20,44,0.31041156426922656,0.02553416489649806,0.15846750466288637,0.9999999988888888,0.9999999975,0.3844710001721978,-0.0,1
3.25,20,45,0.31041156426922656,0.02553416489649806,0.15846750466288637,0.9999999988888888,0.9999999975,0.3786384998820722,-0.0,1
3.25,20,46,0.31041156426922656,0.02553416489649806,0.15846750466288637,0.9999999988888888,0.9999999975,0.3837912001181394,-0.0,1
3.25,20,47,0.31041156426922656,0.02553416489649806,0.15846750466288637,0.9999999988888888,0.9999999975,0.381309499964118,-0.0,1
3.25,20,48,0.31041156426922656,0.02553416489649806,0.15846750466288637,0.9999999988888888,0.9999999975,0.4187996000982821,-0.0,1
3.25,20,49,0.31041156426922656,0.02553416489649806,0.15846750466288637,0.9999999988888888,0.9999999975,0.38267769990488887,-0.0,1
3.5,7,40,0.31041156426922656,0.02553416489649806,0.15846750466288637,0.9999999988888888,0.9999999975,0.38044929993338883,-0.0,1
3.5,7,41,0.31041156426922656,0.02553416489649806,0.15846750466288637,0.9999999988888888,0.9999999975,0.38790079997852445,-0.0,1
3.5,7,42,0.31041156426922656,0.02553416489649806,0.15846750466288637,0.9999999988888888,0.9999999975,0.3802055998239666,-0.0,1
3.5,7,43,0.31041156426922656,0.02553416489649806,0.15846750466288637,0.9999999988888888,0.9999999975,0.3835902998689562,-0.0,1
3.5,7,44,0.31041156426922656,0.02553416489649806,0.15846750466288637,0.9999999988888888,0.9999999975,0.38015169999562204,-0.0,1
3.5,7,45,0.31041156426922656,0.02553416489649806,0.15846750466288637,0.9999999988888888,0.9999999975,0.37820539996027946,-0.0,1
3.5,7,46,0.31041156426922656,0.02553416489649806,0.15846750466288637,0.9999999988888888,0.9999999975,0.38868830003775656,-0.0,1
3.5,7,47,0.31041156426922656,0.02553416489649806,0.15846750466288637,0.9999999988888888,0.9999999975,0.3831299999728799,-0.0,1
3.5,7,48,0.31041156426922656,0.02553416489649806,0.15846750466288637,0.9999999988888888,0.9999999975,0.39198930002748966,-0.0,1
3.5,7,49,0.31041156426922656,0.02553416489649806,0.15846750466288637,0.9999999988888888,0.9999999975,0.393105800030753,-0.0,1
3.5,10,40,0.31041156426922656,0.02553416489649806,0.15846750466288637,0.9999999988888888,0.9999999975,0.38451749994419515,-0.0,1
3.5,10,41,0.31041156426922656,0.02553416489649806,0.15846750466288637,0.9999999988888888,0.9999999975,0.4195999000221491,-0.0,1
3.5,10,42,0.31041156426922656,0.02553416489649806,0.15846750466288637,0.9999999988888888,0.9999999975,0.3852497001644224,-0.0,1
3.5,10,43,0.31041156426922656,0.02553416489649806,0.15846750466288637,0.9999999988888888,0.9999999975,0.3855943998787552,-0.0,1
3.5,10,44,0.31041156426922656,0.02553416489649806,0.15846750466288637,0.9999999988888888,0.9999999975,0.38249049987643957,-0.0,1
3.5,10,45,0.31041156426922656,0.02553416489649806,0.15846750466288637,0.9999999988888888,0.9999999975,0.3784272999037057,-0.0,1
3.5,10,46,0.31041156426922656,0.02553416489649806,0.15846750466288637,0.9999999988888888,0.9999999975,0.37323669996112585,-0.0,1
3.5,10,47,0.31041156426922656,0.02553416489649806,0.15846750466288637,0.9999999988888888,0.9999999975,0.3803020000923425,-0.0,1
3.5,10,48,0.31041156426922656,0.02553416489649806,0.15846750466288637,0.9999999988888888,0.9999999975,0.3794845000375062,-0.0,1
3.5,10,49,0.31041156426922656,0.02553416489649806,0.15846750466288637,0.9999999988888888,0.9999999975,0.37974900007247925,-0.0,1
3.5,15,40,0.31041156426922656,0.02553416489649806,0.15846750466288637,0.9999999988888888,0.9999999975,0.37493339995853603,-0.0,1
3.5,15,41,0.31041156426922656,0.02553416489649806,0.15846750466288637,0.9999999988888888,0.9999999975,0.37394690001383424,-0.0,1
3.5,15,42,0.31041156426922656,0.02553416489649806,0.15846750466288637,0.9999999988888888,0.9999999975,0.38342400011606514,-0.0,1
3.5,15,43,0.31041156426922656,0.02553416489649806,0.15846750466288637,0.9999999988888888,0.9999999975,0.37955630011856556,-0.0,1
3.5,15,44,0.31041156426922656,0.02553416489649806,0.15846750466288637,0.9999999988888888,0.9999999975,0.38355110003612936,-0.0,1
3.5,15,45,0.31041156426922656,0.02553416489649806,0.15846750466288637,0.9999999988888888,0.9999999975,0.4247514000162482,-0.0,1
3.5,15,46,0.31041156426922656,0.02553416489649806,0.15846750466288637,0.9999999988888888,0.9999999975,0.39196730009280145,-0.0,1
3.5,15,47,0.31041156426922656,0.02553416489649806,0.15846750466288637,0.9999999988888888,0.9999999975,0.38267359999008477,-0.0,1
3.5,15,48,0.31041156426922656,0.02553416489649806,0.15846750466288637,0.9999999988888888,0.9999999975,0.3844232999254018,-0.0,1
3.5,15,49,0.31041156426922656,0.02553416489649806,0.15846750466288637,0.9999999988888888,0.9999999975,0.3772372999228537,-0.0,1
3.5,20,40,0.31041156426922656,0.02553416489649806,0.15846750466288637,0.9999999988888888,0.9999999975,0.375537300016731,-0.0,1
3.5,20,41,0.31041156426922656,0.02553416489649806,0.15846750466288637,0.9999999988888888,0.9999999975,0.37271340005099773,-0.0,1
3.5,20,42,0.31041156426922656,0.02553416489649806,0.15846750466288637,0.9999999988888888,0.9999999975,0.37244060006923974,-0.0,1
3.5,20,43,0.31041156426922656,0.02553416489649806,0.15846750466288637,0.9999999988888888,0.9999999975,0.3770608000922948,-0.0,1
3.5,20,44,0.31041156426922656,0.02553416489649806,0.15846750466288637,0.9999999988888888,0.9999999975,0.38533219997771084,-0.0,1
3.5,20,45,0.31041156426922656,0.02553416489649806,0.15846750466288637,0.9999999988888888,0.9999999975,0.4127848001662642,-0.0,1
3.5,20,46,0.31041156426922656,0.02553416489649806,0.15846750466288637,0.9999999988888888,0.9999999975,0.39342259988188744,-0.0,1
3.5,20,47,0.31041156426922656,0.02553416489649806,0.15846750466288637,0.9999999988888888,0.9999999975,0.376472300151363,-0.0,1
3.5,20,48,0.31041156426922656,0.02553416489649806,0.15846750466288637,0.9999999988888888,0.9999999975,0.38385279988870025,-0.0,1
3.5,20,49,0.31041156426922656,0.02553416489649806,0.15846750466288637,0.9999999988888888,0.9999999975,0.38463660003617406,-0.0,1
3.75,7,40,0.31041156426922656,0.02553416489649806,0.15846750466288637,0.9999999988888888,0.9999999975,0.37578719994053245,-0.0,1
3.75,7,41,0.31041156426922656,0.02553416489649806,0.15846750466288637,0.9999999988888888,0.9999999975,0.42312609986402094,-0.0,1
3.75,7,42,0.31041156426922656,0.02553416489649806,0.15846750466288637,0.9999999988888888,0.9999999975,0.3842864998150617,-0.0,1
3.75,7,43,0.31041156426922656,0.02553416489649806,0.15846750466288637,0.9999999988888888,0.9999999975,0.3828592000063509,-0.0,1
3.75,7,44,0.31041156426922656,0.02553416489649806,0.15846750466288637,0.9999999988888888,0.9999999975,0.4109345998149365,-0.0,1
3.75,7,45,0.31041156426922656,0.02553416489649806,0.15846750466288637,0.9999999988888888,0.9999999975,0.4211126998998225,-0.0,1
3.75,7,46,0.31041156426922656,0.02553416489649806,0.15846750466288637,0.9999999988888888,0.9999999975,0.40701849991455674,-0.0,1
3.75,7,47,0.31041156426922656,0.02553416489649806,0.15846750466288637,0.9999999988888888,0.9999999975,0.38644209993071854,-0.0,1
3.75,7,48,0.31041156426922656,0.02553416489649806,0.15846750466288637,0.9999999988888888,0.9999999975,0.3997295000590384,-0.0,1
3.75,7,49,0.31041156426922656,0.02553416489649806,0.15846750466288637,0.9999999988888888,0.9999999975,0.4109230001922697,-0.0,1
3.75,10,40,0.31041156426922656,0.02553416489649806,0.15846750466288637,0.9999999988888888,0.9999999975,0.3857012998778373,-0.0,1
3.75,10,41,0.31041156426922656,0.02553416489649806,0.15846750466288637,0.9999999988888888,0.9999999975,0.3833747000899166,-0.0,1
3.75,10,42,0.31041156426922656,0.02553416489649806,0.15846750466288637,0.9999999988888888,0.9999999975,0.3841738000046462,-0.0,1
3.75,10,43,0.31041156426922656,0.02553416489649806,0.15846750466288637,0.9999999988888888,0.9999999975,0.42870599986054003,-0.0,1
3.75,10,44,0.31041156426922656,0.02553416489649806,0.15846750466288637,0.9999999988888888,0.9999999975,0.38514310005120933,-0.0,1
3.75,10,45,0.31041156426922656,0.02553416489649806,0.15846750466288637,0.9999999988888888,0.9999999975,0.380978100001812,-0.0,1
3.75,10,46,0.31041156426922656,0.02553416489649806,0.15846750466288637,0.9999999988888888,0.9999999975,0.38268129993230104,-0.0,1
3.75,10,47,0.31041156426922656,0.02553416489649806,0.15846750466288637,0.9999999988888888,0.9999999975,0.3790692000184208,-0.0,1
3.75,10,48,0.31041156426922656,0.02553416489649806,0.15846750466288637,0.9999999988888888,0.9999999975,0.3788655998650938,-0.0,1
3.75,10,49,0.31041156426922656,0.02553416489649806,0.15846750466288637,0.9999999988888888,0.9999999975,0.3778298001270741,-0.0,1
3.75,15,40,0.31041156426922656,0.02553416489649806,0.15846750466288637,0.9999999988888888,0.9999999975,0.34931929991580546,-0.0,1
3.75,15,41,0.31041156426922656,0.02553416489649806,0.15846750466288637,0.9999999988888888,0.9999999975,0.3421549000777304,-0.0,1
3.75,15,42,0.31041156426922656,0.02553416489649806,0.15846750466288637,0.9999999988888888,0.9999999975,0.35617289994843304,-0.0,1
3.75,15,43,0.31041156426922656,0.02553416489649806,0.15846750466288637,0.9999999988888888,0.9999999975,0.3871410998981446,-0.0,1
3.75,15,44,0.31041156426922656,0.02553416489649806,0.15846750466288637,0.9999999988888888,0.9999999975,0.3479009000584483,-0.0,1
3.75,15,45,0.31041156426922656,0.02553416489649806,0.15846750466288637,0.9999999988888888,0.9999999975,0.3464518999680877,-0.0,1
3.75,15,46,0.31041156426922656,0.02553416489649806,0.15846750466288637,0.9999999988888888,0.9999999975,0.3475778999272734,-0.0,1
3.75,15,47,0.31041156426922656,0.02553416489649806,0.15846750466288637,0.9999999988888888,0.9999999975,0.34375580004416406,-0.0,1
3.75,15,48,0.31041156426922656,0.02553416489649806,0.15846750466288637,0.9999999988888888,0.9999999975,0.3492910999339074,-0.0,1
3.75,15,49,0.31041156426922656,0.02553416489649806,0.15846750466288637,0.9999999988888888,0.9999999975,0.35682379989884794,-0.0,1
3.75,20,40,0.31041156426922656,0.02553416489649806,0.15846750466288637,0.9999999988888888,0.9999999975,0.34976870007812977,-0.0,1
3.75,20,41,0.31041156426922656,0.02553416489649806,0.15846750466288637,0.9999999988888888,0.9999999975,0.350386300124228,-0.0,1
3.75,20,42,0.31041156426922656,0.02553416489649806,0.15846750466288637,0.9999999988888888,0.9999999975,0.38581110001541674,-0.0,1
3.75,20,43,0.31041156426922656,0.02553416489649806,0.15846750466288637,0.9999999988888888,0.9999999975,0.3767357000615448,-0.0,1
3.75,20,44,0.31041156426922656,0.02553416489649806,0.15846750466288637,0.9999999988888888,0.9999999975,0.7167634998913854,-0.0,1
3.75,20,45,0.31041156426922656,0.02553416489649806,0.15846750466288637,0.9999999988888888,0.9999999975,0.8415951000060886,-0.0,1
3.75,20,46,0.31041156426922656,0.02553416489649806,0.15846750466288637,0.9999999988888888,0.9999999975,0.5875470999162644,-0.0,1
3.75,20,47,0.31041156426922656,0.02553416489649806,0.15846750466288637,0.9999999988888888,0.9999999975,0.5375249998178333,-0.0,1
3.75,20,48,0.31041156426922656,0.02553416489649806,0.15846750466288637,0.9999999988888888,0.9999999975,0.5154375999700278,-0.0,1
3.75,20,49,0.31041156426922656,0.02553416489649806,0.15846750466288637,0.9999999988888888,0.9999999975,0.5200096000917256,-0.0,1
4.0,7,40,0.31041156426922656,0.02553416489649806,0.15846750466288637,0.9999999988888888,0.9999999975,0.49217500002123415,-0.0,1
4.0,7,41,0.31041156426922656,0.02553416489649806,0.15846750466288637,0.9999999988888888,0.9999999975,0.5206677000969648,-0.0,1
4.0,7,42,0.31041156426922656,0.02553416489649806,0.15846750466288637,0.9999999988888888,0.9999999975,0.5809458000585437,-0.0,1
4.0,7,43,0.31041156426922656,0.02553416489649806,0.15846750466288637,0.9999999988888888,0.9999999975,0.5590303998906165,-0.0,1
4.0,7,44,0.31041156426922656,0.02553416489649806,0.15846750466288637,0.9999999988888888,0.9999999975,0.5488571000751108,-0.0,1
4.0,7,45,0.31041156426922656,0.02553416489649806,0.15846750466288637,0.9999999988888888,0.9999999975,0.5883071999996901,-0.0,1
4.0,7,46,0.31041156426922656,0.02553416489649806,0.15846750466288637,0.9999999988888888,0.9999999975,0.6076062000356615,-0.0,1
4.0,7,47,0.31041156426922656,0.02553416489649806,0.15846750466288637,0.9999999988888888,0.9999999975,0.5674642000813037,-0.0,1
4.0,7,48,0.31041156426922656,0.02553416489649806,0.15846750466288637,0.9999999988888888,0.9999999975,0.6686787998769432,-0.0,1
4.0,7,49,0.31041156426922656,0.02553416489649806,0.15846750466288637,0.9999999988888888,0.9999999975,0.7668106998316944,-0.0,1
4.0,10,40,0.31041156426922656,0.02553416489649806,0.15846750466288637,0.9999999988888888,0.9999999975,0.5855928000528365,-0.0,1
4.0,10,41,0.31041156426922656,0.02553416489649806,0.15846750466288637,0.9999999988888888,0.9999999975,0.5868695999961346,-0.0,1
4.0,10,42,0.31041156426922656,0.02553416489649806,0.15846750466288637,0.9999999988888888,0.9999999975,0.5588467000052333,-0.0,1
4.0,10,43,0.31041156426922656,0.02553416489649806,0.15846750466288637,0.9999999988888888,0.9999999975,0.5142181999981403,-0.0,1
4.0,10,44,0.31041156426922656,0.02553416489649806,0.15846750466288637,0.9999999988888888,0.9999999975,0.5076313000172377,-0.0,1
4.0,10,45,0.31041156426922656,0.02553416489649806,0.15846750466288637,0.9999999988888888,0.9999999975,0.5008208998478949,-0.0,1
4.0,10,46,0.31041156426922656,0.02553416489649806,0.15846750466288637,0.9999999988888888,0.9999999975,0.4929122000467032,-0.0,1
4.0,10,47,0.31041156426922656,0.02553416489649806,0.15846750466288637,0.9999999988888888,0.9999999975,0.518952100072056,-0.0,1
4.0,10,48,0.31041156426922656,0.02553416489649806,0.15846750466288637,0.9999999988888888,0.9999999975,0.500971999950707,-0.0,1
4.0,10,49,0.31041156426922656,0.02553416489649806,0.15846750466288637,0.9999999988888888,0.9999999975,0.47975189983844757,-0.0,1
4.0,15,40,0.31041156426922656,0.02553416489649806,0.15846750466288637,0.9999999988888888,0.9999999975,0.5564345000311732,-0.0,1
4.0,15,41,0.31041156426922656,0.02553416489649806,0.15846750466288637,0.9999999988888888,0.9999999975,0.6698932000435889,-0.0,1
4.0,15,42,0.31041156426922656,0.02553416489649806,0.15846750466288637,0.9999999988888888,0.9999999975,2.693259300198406,-0.0,1
4.0,15,43,0.31041156426922656,0.02553416489649806,0.15846750466288637,0.9999999988888888,0.9999999975,2.199953000061214,-0.0,1
4.0,15,44,0.31041156426922656,0.02553416489649806,0.15846750466288637,0.9999999988888888,0.9999999975,1.6051159999333322,-0.0,1
4.0,15,45,0.31041156426922656,0.02553416489649806,0.15846750466288637,0.9999999988888888,0.9999999975,1.7810698000248522,-0.0,1
4.0,15,46,0.31041156426922656,0.02553416489649806,0.15846750466288637,0.9999999988888888,0.9999999975,1.769081800011918,-0.0,1
4.0,15,47,0.31041156426922656,0.02553416489649806,0.15846750466288637,0.9999999988888888,0.9999999975,1.3950321997981519,-0.0,1
4.0,15,48,0.31041156426922656,0.02553416489649806,0.15846750466288637,0.9999999988888888,0.9999999975,1.2972924001514912,-0.0,1
4.0,15,49,0.31041156426922656,0.02553416489649806,0.15846750466288637,0.9999999988888888,0.9999999975,1.1510270999278873,-0.0,1
4.0,20,40,0.31041156426922656,0.02553416489649806,0.15846750466288637,0.9999999988888888,0.9999999975,0.8540240000002086,-0.0,1
4.0,20,41,0.31041156426922656,0.02553416489649806,0.15846750466288637,0.9999999988888888,0.9999999975,0.7112424001097679,-0.0,1
4.0,20,42,0.31041156426922656,0.02553416489649806,0.15846750466288637,0.9999999988888888,0.9999999975,0.6899019998963922,-0.0,1
4.0,20,43,0.31041156426922656,0.02553416489649806,0.15846750466288637,0.9999999988888888,0.9999999975,0.7115015999879688,-0.0,1
4.0,20,44,0.31041156426922656,0.02553416489649806,0.15846750466288637,0.9999999988888888,0.9999999975,0.7671910999342799,-0.0,1
4.0,20,45,0.31041156426922656,0.02553416489649806,0.15846750466288637,0.9999999988888888,0.9999999975,0.7481508001219481,-0.0,1
4.0,20,46,0.31041156426922656,0.02553416489649806,0.15846750466288637,0.9999999988888888,0.9999999975,0.6660876998212188,-0.0,1
4.0,20,47,0.31041156426922656,0.02553416489649806,0.15846750466288637,0.9999999988888888,0.9999999975,0.612151499837637,-0.0,1
4.0,20,48,0.31041156426922656,0.02553416489649806,0.15846750466288637,0.9999999988888888,0.9999999975,0.6219122000038624,-0.0,1
4.0,20,49,0.31041156426922656,0.02553416489649806,0.15846750466288637,0.9999999988888888,0.9999999975,0.6115610999986529,-0.0,1
4.25,7,40,0.31041156426922656,0.02553416489649806,0.15846750466288637,0.9999999988888888,0.9999999975,0.607930000172928,-0.0,1
4.25,7,41,0.31041156426922656,0.02553416489649806,0.15846750466288637,0.9999999988888888,0.9999999975,0.6112526999786496,-0.0,1
4.25,7,42,0.31041156426922656,0.02553416489649806,0.15846750466288637,0.9999999988888888,0.9999999975,0.6150774001143873,-0.0,1
4.25,7,43,0.31041156426922656,0.02553416489649806,0.15846750466288637,0.9999999988888888,0.9999999975,0.6671763998456299,-0.0,1
4.25,7,44,0.31041156426922656,0.02553416489649806,0.15846750466288637,0.9999999988888888,0.9999999975,0.6198883999604732,-0.0,1
4.25,7,45,0.31041156426922656,0.02553416489649806,0.15846750466288637,0.9999999988888888,0.9999999975,0.6029419999103993,-0.0,1
4.25,7,46,0.31041156426922656,0.02553416489649806,0.15846750466288637,0.9999999988888888,0.9999999975,0.5687363999895751,-0.0,1
4.25,7,47,0.31041156426922656,0.02553416489649806,0.15846750466288637,0.9999999988888888,0.9999999975,0.5702145998366177,-0.0,1
4.25,7,48,0.31041156426922656,0.02553416489649806,0.15846750466288637,0.9999999988888888,0.9999999975,0.5552272999193519,-0.0,1
4.25,7,49,0.31041156426922656,0.02553416489649806,0.15846750466288637,0.9999999988888888,0.9999999975,0.5704556999262422,-0.0,1
4.25,10,40,0.31041156426922656,0.02553416489649806,0.15846750466288637,0.9999999988888888,0.9999999975,0.584923499962315,-0.0,1
4.25,10,41,0.31041156426922656,0.02553416489649806,0.15846750466288637,0.9999999988888888,0.9999999975,0.5751736999955028,-0.0,1
4.25,10,42,0.31041156426922656,0.02553416489649806,0.15846750466288637,0.9999999988888888,0.9999999975,0.5996724001597613,-0.0,1
4.25,10,43,0.31041156426922656,0.02553416489649806,0.15846750466288637,0.9999999988888888,0.9999999975,0.6535421998705715,-0.0,1
4.25,10,44,0.31041156426922656,0.02553416489649806,0.15846750466288637,0.9999999988888888,0.9999999975,0.608932200120762,-0.0,1
4.25,10,45,0.31041156426922656,0.02553416489649806,0.15846750466288637,0.9999999988888888,0.9999999975,0.6027678998652846,-0.0,1
4.25,10,46,0.31041156426922656,0.02553416489649806,0.15846750466288637,0.9999999988888888,0.9999999975,0.624921299982816,-0.0,1
4.25,10,47,0.31041156426922656,0.02553416489649806,0.15846750466288637,0.9999999988888888,0.9999999975,0.6398027001414448,-0.0,1
4.25,10,48,0.31041156426922656,0.02553416489649806,0.15846750466288637,0.9999999988888888,0.9999999975,0.691671600099653,-0.0,1
4.25,10,49,0.31041156426922656,0.02553416489649806,0.15846750466288637,0.9999999988888888,0.9999999975,0.7280021999031305,-0.0,1
4.25,15,40,0.31041156426922656,0.02553416489649806,0.15846750466288637,0.9999999988888888,0.9999999975,0.6784571998286992,-0.0,1
4.25,15,41,0.31041156426922656,0.02553416489649806,0.15846750466288637,0.9999999988888888,0.9999999975,0.6844921999145299,-0.0,1
4.25,15,42,0.31041156426922656,0.02553416489649806,0.15846750466288637,0.9999999988888888,0.9999999975,0.751054200110957,-0.0,1
4.25,15,43,0.31041156426922656,0.02553416489649806,0.15846750466288637,0.9999999988888888,0.9999999975,0.622411800082773,-0.0,1
4.25,15,44,0.31041156426922656,0.02553416489649806,0.15846750466288637,0.9999999988888888,0.9999999975,0.5784207000397146,-0.0,1
4.25,15,45,0.31041156426922656,0.02553416489649806,0.15846750466288637,0.9999999988888888,0.9999999975,0.6870140999089926,-0.0,1
4.25,15,46,0.31041156426922656,0.02553416489649806,0.15846750466288637,0.9999999988888888,0.9999999975,0.5936680999584496,-0.0,1
4.25,15,47,0.31041156426922656,0.02553416489649806,0.15846750466288637,0.9999999988888888,0.9999999975,0.6474967999383807,-0.0,1
4.25,15,48,0.31041156426922656,0.02553416489649806,0.15846750466288637,0.9999999988888888,0.9999999975,0.6689953999593854,-0.0,1
4.25,15,49,0.31041156426922656,0.02553416489649806,0.15846750466288637,0.9999999988888888,0.9999999975,0.629495200002566,-0.0,1
4.25,20,40,0.31041156426922656,0.02553416489649806,0.15846750466288637,0.9999999988888888,0.9999999975,0.6129757000599056,-0.0,1
4.25,20,41,0.31041156426922656,0.02553416489649806,0.15846750466288637,0.9999999988888888,0.9999999975,0.5783440000377595,-0.0,1
4.25,20,42,0.31041156426922656,0.02553416489649806,0.15846750466288637,0.9999999988888888,0.9999999975,0.6286700000055134,-0.0,1
4.25,20,43,0.31041156426922656,0.02553416489649806,0.15846750466288637,0.9999999988888888,0.9999999975,0.6268079001456499,-0.0,1
4.25,20,44,0.31041156426922656,0.02553416489649806,0.15846750466288637,0.9999999988888888,0.9999999975,0.6203183000907302,-0.0,1
4.25,20,45,0.31041156426922656,0.02553416489649806,0.15846750466288637,0.9999999988888888,0.9999999975,0.5837556999176741,-0.0,1
4.25,20,46,0.31041156426922656,0.02553416489649806,0.15846750466288637,0.9999999988888888,0.9999999975,0.5504600000567734,-0.0,1
4.25,20,47,0.31041156426922656,0.02553416489649806,0.15846750466288637,0.9999999988888888,0.9999999975,0.557744599878788,-0.0,1
4.25,20,48,0.31041156426922656,0.02553416489649806,0.15846750466288637,0.9999999988888888,0.9999999975,0.5938164999242872,-0.0,1
4.25,20,49,0.31041156426922656,0.02553416489649806,0.15846750466288637,0.9999999988888888,0.9999999975,0.5562172001227736,-0.0,1
4.5,7,40,0.31041156426922656,0.02553416489649806,0.15846750466288637,0.9999999988888888,0.9999999975,0.5704544999171048,-0.0,1
4.5,7,41,0.31041156426922656,0.02553416489649806,0.15846750466288637,0.9999999988888888,0.9999999975,0.528801699867472,-0.0,1
4.5,7,42,0.31041156426922656,0.02553416489649806,0.15846750466288637,0.9999999988888888,0.9999999975,0.6709986999630928,-0.0,1
4.5,7,43,0.31041156426922656,0.02553416489649806,0.15846750466288637,0.9999999988888888,0.9999999975,0.5588582998607308,-0.0,1
4.5,7,44,0.31041156426922656,0.02553416489649806,0.15846750466288637,0.9999999988888888,0.9999999975,0.5537417000159621,-0.0,1
4.5,7,45,0.31041156426922656,0.02553416489649806,0.15846750466288637,0.9999999988888888,0.9999999975,0.585264400113374,-0.0,1
4.5,7,46,0.31041156426922656,0.02553416489649806,0.15846750466288637,0.9999999988888888,0.9999999975,0.5402144000399858,-0.0,1
4.5,7,47,0.31041156426922656,0.02553416489649806,0.15846750466288637,0.9999999988888888,0.9999999975,0.5505212000571191,-0.0,1
4.5,7,48,0.31041156426922656,0.02553416489649806,0.15846750466288637,0.9999999988888888,0.9999999975,0.5317952001933008,-0.0,1
4.5,7,49,0.31041156426922656,0.02553416489649806,0.15846750466288637,0.9999999988888888,0.9999999975,0.5346723000984639,-0.0,1
4.5,10,40,0.31041156426922656,0.02553416489649806,0.15846750466288637,0.9999999988888888,0.9999999975,0.5445217001251876,-0.0,1
4.5,10,41,0.31041156426922656,0.02553416489649806,0.15846750466288637,0.9999999988888888,0.9999999975,0.535668299999088,-0.0,1
4.5,10,42,0.31041156426922656,0.02553416489649806,0.15846750466288637,0.9999999988888888,0.9999999975,0.776510100113228,-0.0,1
4.5,10,43,0.31041156426922656,0.02553416489649806,0.15846750466288637,0.9999999988888888,0.9999999975,0.6809437999036163,-0.0,1
4.5,10,44,0.31041156426922656,0.02553416489649806,0.15846750466288637,0.9999999988888888,0.9999999975,0.6277701000217348,-0.0,1
4.5,10,45,0.31041156426922656,0.02553416489649806,0.15846750466288637,0.9999999988888888,0.9999999975,0.6177655998617411,-0.0,1
4.5,10,46,0.31041156426922656,0.02553416489649806,0.15846750466288637,0.9999999988888888,0.9999999975,0.5607427000068128,-0.0,1
4.5,10,47,0.31041156426922656,0.02553416489649806,0.15846750466288637,0.9999999988888888,0.9999999975,0.5756080001592636,-0.0,1
4.5,10,48,0.31041156426922656,0.02553416489649806,0.15846750466288637,0.9999999988888888,0.9999999975,0.560226600151509,-0.0,1
4.5,10,49,0.31041156426922656,0.02553416489649806,0.15846750466288637,0.9999999988888888,0.9999999975,0.6835359001997858,-0.0,1
4.5,15,40,0.31041156426922656,0.02553416489649806,0.15846750466288637,0.9999999988888888,0.9999999975,0.5900646999944001,-0.0,1
4.5,15,41,0.31041156426922656,0.02553416489649806,0.15846750466288637,0.9999999988888888,0.9999999975,0.5902253000531346,-0.0,1
4.5,15,42,0.31041156426922656,0.02553416489649806,0.15846750466288637,0.9999999988888888,0.9999999975,0.5369672998785973,-0.0,1
4.5,15,43,0.31041156426922656,0.02553416489649806,0.15846750466288637,0.9999999988888888,0.9999999975,0.5394355999305844,-0.0,1
4.5,15,44,0.31041156426922656,0.02553416489649806,0.15846750466288637,0.9999999988888888,0.9999999975,0.5242025998886675,-0.0,1
4.5,15,45,0.31041156426922656,0.02553416489649806,0.15846750466288637,0.9999999988888888,0.9999999975,0.5180619999300689,-0.0,1
4.5,15,46,0.31041156426922656,0.02553416489649806,0.15846750466288637,0.9999999988888888,0.9999999975,0.5150103999767452,-0.0,1
4.5,15,47,0.31041156426922656,0.02553416489649806,0.15846750466288637,0.9999999988888888,0.9999999975,0.5142204998992383,-0.0,1
4.5,15,48,0.31041156426922656,0.02553416489649806,0.15846750466288637,0.9999999988888888,0.9999999975,0.5290562999434769,-0.0,1
4.5,15,49,0.31041156426922656,0.02553416489649806,0.15846750466288637,0.9999999988888888,0.9999999975,0.5546042998321354,-0.0,1
4.5,20,40,0.31041156426922656,0.02553416489649806,0.15846750466288637,0.9999999988888888,0.9999999975,0.5207699998281896,-0.0,1
4.5,20,41,0.31041156426922656,0.02553416489649806,0.15846750466288637,0.9999999988888888,0.9999999975,0.5590367000550032,-0.0,1
4.5,20,42,0.31041156426922656,0.02553416489649806,0.15846750466288637,0.9999999988888888,0.9999999975,0.5410561000462621,-0.0,1
4.5,20,43,0.31041156426922656,0.02553416489649806,0.15846750466288637,0.9999999988888888,0.9999999975,0.5167594000231475,-0.0,1
4.5,20,44,0.31041156426922656,0.02553416489649806,0.15846750466288637,0.9999999988888888,0.9999999975,0.52569459984079,-0.0,1
4.5,20,45,0.31041156426922656,0.02553416489649806,0.15846750466288637,0.9999999988888888,0.9999999975,0.5174338999204338,-0.0,1
4.5,20,46,0.31041156426922656,0.02553416489649806,0.15846750466288637,0.9999999988888888,0.9999999975,0.5463521999772638,-0.0,1
4.5,20,47,0.31041156426922656,0.02553416489649806,0.15846750466288637,0.9999999988888888,0.9999999975,0.5253117999527603,-0.0,1
4.5,20,48,0.31041156426922656,0.02553416489649806,0.15846750466288637,0.9999999988888888,0.9999999975,0.5324218000750989,-0.0,1
4.5,20,49,0.31041156426922656,0.02553416489649806,0.15846750466288637,0.9999999988888888,0.9999999975,0.5188031999859959,-0.0,1
4.75,7,40,0.31041156426922656,0.02553416489649806,0.15846750466288637,0.9999999988888888,0.9999999975,0.5225837000180036,-0.0,1
4.75,7,41,0.31041156426922656,0.02553416489649806,0.15846750466288637,0.9999999988888888,0.9999999975,0.51200329978019,-0.0,1
4.75,7,42,0.31041156426922656,0.02553416489649806,0.15846750466288637,0.9999999988888888,0.9999999975,0.5255982000380754,-0.0,1
4.75,7,43,0.31041156426922656,0.02553416489649806,0.15846750466288637,0.9999999988888888,0.9999999975,0.5718090999871492,-0.0,1
4.75,7,44,0.31041156426922656,0.02553416489649806,0.15846750466288637,0.9999999988888888,0.9999999975,0.5402253000065684,-0.0,1
4.75,7,45,0.31041156426922656,0.02553416489649806,0.15846750466288637,0.9999999988888888,0.9999999975,0.5210468000732362,-0.0,1
4.75,7,46,0.31041156426922656,0.02553416489649806,0.15846750466288637,0.9999999988888888,0.9999999975,0.4981597999576479,-0.0,1
4.75,7,47,0.31041156426922656,0.02553416489649806,0.15846750466288637,0.9999999988888888,0.9999999975,0.5167749000247568,-0.0,1
4.75,7,48,0.31041156426922656,0.02553416489649806,0.15846750466288637,0.9999999988888888,0.9999999975,0.5043842999730259,-0.0,1
4.75,7,49,0.31041156426922656,0.02553416489649806,0.15846750466288637,0.9999999988888888,0.9999999975,0.5206494999583811,-0.0,1
4.75,10,40,0.31041156426922656,0.02553416489649806,0.15846750466288637,0.9999999988888888,0.9999999975,0.5511699998751283,-0.0,1
4.75,10,41,0.31041156426922656,0.02553416489649806,0.15846750466288637,0.9999999988888888,0.9999999975,0.5176263998728245,-0.0,1
4.75,10,42,0.31041156426922656,0.02553416489649806,0.15846750466288637,0.9999999988888888,0.9999999975,0.5278125000186265,-0.0,1
4.75,10,43,0.31041156426922656,0.02553416489649806,0.15846750466288637,0.9999999988888888,0.9999999975,0.5167011001612991,-0.0,1
4.75,10,44,0.31041156426922656,0.02553416489649806,0.15846750466288637,0.9999999988888888,0.9999999975,0.5206827002111822,-0.0,1
4.75,10,45,0.31041156426922656,0.02553416489649806,0.15846750466288637,0.9999999988888888,0.9999999975,0.505107200006023,-0.0,1
4.75,10,46,0.31041156426922656,0.02553416489649806,0.15846750466288637,0.9999999988888888,0.9999999975,0.5109402001835406,-0.0,1
4.75,10,47,0.31041156426922656,0.02553416489649806,0.15846750466288637,0.9999999988888888,0.9999999975,0.5438657999038696,-0.0,1
4.75,10,48,0.31041156426922656,0.02553416489649806,0.15846750466288637,0.9999999988888888,0.9999999975,0.4931963998824358,-0.0,1
4.75,10,49,0.31041156426922656,0.02553416489649806,0.15846750466288637,0.9999999988888888,0.9999999975,0.4301450999919325,-0.0,1
4.75,15,40,0.31041156426922656,0.02553416489649806,0.15846750466288637,0.9999999988888888,0.9999999975,0.4219023999758065,-0.0,1
4.75,15,41,0.31041156426922656,0.02553416489649806,0.15846750466288637,0.9999999988888888,0.9999999975,0.4202256998978555,-0.0,1
4.75,15,42,0.31041156426922656,0.02553416489649806,0.15846750466288637,0.9999999988888888,0.9999999975,0.42072780011221766,-0.0,1
4.75,15,43,0.31041156426922656,0.02553416489649806,0.15846750466288637,0.9999999988888888,0.9999999975,0.41883220011368394,-0.0,1
4.75,15,44,0.31041156426922656,0.02553416489649806,0.15846750466288637,0.9999999988888888,0.9999999975,0.4215208999812603,-0.0,1
4.75,15,45,0.31041156426922656,0.02553416489649806,0.15846750466288637,0.9999999988888888,0.9999999975,0.45578330010175705,-0.0,1
4.75,15,46,0.31041156426922656,0.02553416489649806,0.15846750466288637,0.9999999988888888,0.9999999975,0.4531859001144767,-0.0,1
4.75,15,47,0.31041156426922656,0.02553416489649806,0.15846750466288637,0.9999999988888888,0.9999999975,0.4272246998734772,-0.0,1
4.75,15,48,0.31041156426922656,0.02553416489649806,0.15846750466288637,0.9999999988888888,0.9999999975,0.42162690008990467,-0.0,1
4.75,15,49,0.31041156426922656,0.02553416489649806,0.15846750466288637,0.9999999988888888,0.9999999975,0.4206075998954475,-0.0,1
4.75,20,40,0.31041156426922656,0.02553416489649806,0.15846750466288637,0.9999999988888888,0.9999999975,0.4184678001329303,-0.0,1
4.75,20,41,0.31041156426922656,0.02553416489649806,0.15846750466288637,0.9999999988888888,0.9999999975,0.42732450016774237,-0.0,1
4.75,20,42,0.31041156426922656,0.02553416489649806,0.15846750466288637,0.9999999988888888,0.9999999975,0.4181920001283288,-0.0,1
4.75,20,43,0.31041156426922656,0.02553416489649806,0.15846750466288637,0.9999999988888888,0.9999999975,0.41380380000919104,-0.0,1
4.75,20,44,0.31041156426922656,0.02553416489649806,0.15846750466288637,0.9999999988888888,0.9999999975,0.469016500050202,-0.0,1
4.75,20,45,0.31041156426922656,0.02553416489649806,0.15846750466288637,0.9999999988888888,0.9999999975,0.4211873000022024,-0.0,1
4.75,20,46,0.31041156426922656,0.02553416489649806,0.15846750466288637,0.9999999988888888,0.9999999975,0.4275120999664068,-0.0,1
4.75,20,47,0.31041156426922656,0.02553416489649806,0.15846750466288637,0.9999999988888888,0.9999999975,0.411520300200209,-0.0,1
4.75,20,48,0.31041156426922656,0.02553416489649806,0.15846750466288637,0.9999999988888888,0.9999999975,0.4251548000611365,-0.0,1
4.75,20,49,0.31041156426922656,0.02553416489649806,0.15846750466288637,0.9999999988888888,0.9999999975,0.41929180012084544,-0.0,1
